cityName, cityCode, districtName, zipCode
Adana, 01, Aladag, 01720
Adana, 01, Ceyhan, 01920
Adana, 01, Ceyhan, 01930
Adana, 01, Ceyhan, 01940
Adana, 01, Ceyhan, 01950
Adana, 01, Ceyhan, 01960
Adana, 01, Çukurova, 01170
Adana, 01, Çukurova, 01360
Adana, 01, Çukurova, 01780
Adana, 01, Feke, 01660
Adana, 01, Imamoglu, 01700
Adana, 01, Karaisali, 01770
Adana, 01, Karatas, 01900
Adana, 01, Kozan, 01500
Adana, 01, Kozan, 01510
Adana, 01, Kozan, 01530
Adana, 01, Kozan, 01542
Adana, 01, Kozan, 01555
Adana, 01, Pozanti, 01470
Adana, 01, Pozanti, 01490
Adana, 01, Saimbeyli, 01740
Adana, 01, Sariçam, 01250
Adana, 01, Sariçam, 01330
Adana, 01, Sariçam, 01340
Adana, 01, Sariçam, 01400
Adana, 01, Sariçam, 01410
Adana, 01, Sariçam, 01460
Adana, 01, Sariçam, 01790
Adana, 01, Seyhan, 01010
Adana, 01, Seyhan, 01020
Adana, 01, Seyhan, 01030
Adana, 01, Seyhan, 01040
Adana, 01, Seyhan, 01050
Adana, 01, Seyhan, 01060
Adana, 01, Seyhan, 01070
Adana, 01, Seyhan, 01080
Adana, 01, Seyhan, 01100
Adana, 01, Seyhan, 01110
Adana, 01, Seyhan, 01120
Adana, 01, Seyhan, 01130
Adana, 01, Seyhan, 01140
Adana, 01, Seyhan, 01150
Adana, 01, Seyhan, 01160
Adana, 01, Seyhan, 01180
Adana, 01, Seyhan, 01190
Adana, 01, Seyhan, 01200
Adana, 01, Seyhan, 01355
Adana, 01, Seyhan, 01365
Adana, 01, Seyhan, 01430
Adana, 01, Tufanbeyli, 01640
Adana, 01, Yumurtalik, 01680
Adana, 01, Yüregir, 01220
Adana, 01, Yüregir, 01230
Adana, 01, Yüregir, 01240
Adana, 01, Yüregir, 01260
Adana, 01, Yüregir, 01280
Adana, 01, Yüregir, 01290
Adana, 01, Yüregir, 01300
Adana, 01, Yüregir, 01310
Adana, 01, Yüregir, 01350
Adana, 01, Yüregir, 01358
Adana, 01, Yüregir, 01370
Adana, 01, Yüregir, 01375
Adana, 01, Yüregir, 01415
Adiyaman, 02, Adiyaman, 02000
Adiyaman, 02, Adiyaman, 02030
Adiyaman, 02, Adiyaman, 02040
Adiyaman, 02, Adiyaman, 02100
Adiyaman, 02, Adiyaman, 02200
Adiyaman, 02, Adiyaman, 02230
Adiyaman, 02, Adiyaman, 02240
Adiyaman, 02, Adiyaman, 02260
Adiyaman, 02, Adiyaman, 02270
Adiyaman, 02, Adiyaman, 02280
Adiyaman, 02, Adiyaman, 02290
Adiyaman, 02, Besni, 02300
Adiyaman, 02, Besni, 02320
Adiyaman, 02, Besni, 02330
Adiyaman, 02, Besni, 02332
Adiyaman, 02, Besni, 02336
Adiyaman, 02, Besni, 02340
Adiyaman, 02, Besni, 02342
Adiyaman, 02, Besni, 02346
Adiyaman, 02, Besni, 02348
Adiyaman, 02, Çelikhan, 02600
Adiyaman, 02, Çelikhan, 02610
Adiyaman, 02, Gerger, 02700
Adiyaman, 02, Gölbasi, 02500
Adiyaman, 02, Gölbasi, 02520
Adiyaman, 02, Gölbasi, 02530
Adiyaman, 02, Gölbasi, 02540
Adiyaman, 02, Kahta, 02400
Adiyaman, 02, Kahta, 02440
Adiyaman, 02, Kahta, 02450
Adiyaman, 02, Samsat, 02800
Adiyaman, 02, Sincik, 02900
Adiyaman, 02, Sincik, 02920
Adiyaman, 02, Tut, 02350
Afyonkarahisar, 03, Afyon, 03030
Afyonkarahisar, 03, Afyon, 03040
Afyonkarahisar, 03, Afyon, 03050
Afyonkarahisar, 03, Afyon, 03080
Afyonkarahisar, 03, Afyon, 03100
Afyonkarahisar, 03, Afyon, 03103
Afyonkarahisar, 03, Afyon, 03140
Afyonkarahisar, 03, Afyon, 03150
Afyonkarahisar, 03, Afyon, 03200
Afyonkarahisar, 03, Afyon, 03204
Afyonkarahisar, 03, Afyon, 03210
Afyonkarahisar, 03, Afyon, 03211
Afyonkarahisar, 03, Afyon, 03212
Afyonkarahisar, 03, Afyon, 03213
Afyonkarahisar, 03, Afyon, 03214
Afyonkarahisar, 03, Afyon, 03215
Afyonkarahisar, 03, Afyon, 03216
Afyonkarahisar, 03, Afyon, 03217
Afyonkarahisar, 03, Afyon, 03218
Afyonkarahisar, 03, Basmakçi, 03450
Afyonkarahisar, 03, Basmakçi, 03470
Afyonkarahisar, 03, Bayat, 03780
Afyonkarahisar, 03, Bolvadin, 03300
Afyonkarahisar, 03, Bolvadin, 03320
Afyonkarahisar, 03, Bolvadin, 03330
Afyonkarahisar, 03, Bolvadin, 03340
Afyonkarahisar, 03, Bolvadin, 03350
Afyonkarahisar, 03, Çay, 03700
Afyonkarahisar, 03, Çay, 03703
Afyonkarahisar, 03, Çay, 03705
Afyonkarahisar, 03, Çay, 03706
Afyonkarahisar, 03, Çay, 03708
Afyonkarahisar, 03, Çay, 03709
Afyonkarahisar, 03, Çay, 03710
Afyonkarahisar, 03, Çay, 03711
Afyonkarahisar, 03, Çay, 03720
Afyonkarahisar, 03, Çobanlar, 03060
Afyonkarahisar, 03, Çobanlar, 03107
Afyonkarahisar, 03, Dazkiri, 03950
Afyonkarahisar, 03, Dazkiri, 03980
Afyonkarahisar, 03, Dinar, 03400
Afyonkarahisar, 03, Dinar, 03402
Afyonkarahisar, 03, Dinar, 03410
Afyonkarahisar, 03, Dinar, 03480
Afyonkarahisar, 03, Dinar, 03481
Afyonkarahisar, 03, Dinar, 03482
Afyonkarahisar, 03, Dinar, 03483
Afyonkarahisar, 03, Dinar, 03484
Afyonkarahisar, 03, Dinar, 03490
Afyonkarahisar, 03, Dinar, 03495
Afyonkarahisar, 03, Emirdag, 03600
Afyonkarahisar, 03, Emirdag, 03610
Afyonkarahisar, 03, Emirdag, 03620
Afyonkarahisar, 03, Emirdag, 03630
Afyonkarahisar, 03, Emirdag, 03670
Afyonkarahisar, 03, Emirdag, 03680
Afyonkarahisar, 03, Evciler, 03960
Afyonkarahisar, 03, Evciler, 03970
Afyonkarahisar, 03, Hocalar, 03530
Afyonkarahisar, 03, Hocalar, 03533
Afyonkarahisar, 03, Ihsaniye, 03370
Afyonkarahisar, 03, Ihsaniye, 03373
Afyonkarahisar, 03, Ihsaniye, 03374
Afyonkarahisar, 03, Ihsaniye, 03375
Afyonkarahisar, 03, Ihsaniye, 03380
Afyonkarahisar, 03, Ihsaniye, 03383
Afyonkarahisar, 03, Ihsaniye, 03384
Afyonkarahisar, 03, Ihsaniye, 03390
Afyonkarahisar, 03, Iscehisar, 03750
Afyonkarahisar, 03, Iscehisar, 03752
Afyonkarahisar, 03, Iscehisar, 03753
Afyonkarahisar, 03, Iscehisar, 03754
Afyonkarahisar, 03, Kizilören, 03560
Afyonkarahisar, 03, Sandikli, 03500
Afyonkarahisar, 03, Sandikli, 03510
Afyonkarahisar, 03, Sandikli, 03514
Afyonkarahisar, 03, Sandikli, 03515
Afyonkarahisar, 03, Sandikli, 03518
Afyonkarahisar, 03, Sandikli, 03520
Afyonkarahisar, 03, Sandikli, 03550
Afyonkarahisar, 03, Sandikli, 03570
Afyonkarahisar, 03, Sandikli, 03575
Afyonkarahisar, 03, Sandikli, 03580
Afyonkarahisar, 03, Sandikli, 03585
Afyonkarahisar, 03, Sincanli, 03090
Afyonkarahisar, 03, Sincanli, 03110
Afyonkarahisar, 03, Sincanli, 03120
Afyonkarahisar, 03, Sincanli, 03121
Afyonkarahisar, 03, Sincanli, 03850
Afyonkarahisar, 03, Sincanli, 03852
Afyonkarahisar, 03, Sincanli, 03853
Afyonkarahisar, 03, Sincanli, 03854
Afyonkarahisar, 03, Sincanli, 03857
Afyonkarahisar, 03, Sincanli, 03858
Afyonkarahisar, 03, Sincanli, 03859
Afyonkarahisar, 03, Sincanli, 03860
Afyonkarahisar, 03, Sincanli, 03870
Afyonkarahisar, 03, Sincanli, 03880
Afyonkarahisar, 03, Suhut, 03800
Afyonkarahisar, 03, Suhut, 03810
Afyonkarahisar, 03, Suhut, 03820
Afyonkarahisar, 03, Suhut, 03830
Afyonkarahisar, 03, Suhut, 03831
Afyonkarahisar, 03, Suhut, 03832
Afyonkarahisar, 03, Suhut, 03833
Afyonkarahisar, 03, Suhut, 03834
Afyonkarahisar, 03, Sultandagi, 03900
Afyonkarahisar, 03, Sultandagi, 03910
Afyonkarahisar, 03, Sultandagi, 03911
Afyonkarahisar, 03, Sultandagi, 03920
Afyonkarahisar, 03, Sultandagi, 03930
Afyonkarahisar, 03, Sultandagi, 03940
Afyonkarahisar, 03, Sultandagi, 03941
Afyonkarahisar, 03, Sultandagi, 03942
Agri, 04, Agri, 04000
Agri, 04, Agri, 04100
Agri, 04, Agri, 04200
Agri, 04, Diyadin, 04900
Agri, 04, Dogubeyazit, 04400
Agri, 04, Dogubeyazit, 04950
Agri, 04, Eleskirt, 04600
Agri, 04, Eleskirt, 04620
Agri, 04, Eleskirt, 04630
Agri, 04, Eleskirt, 04640
Agri, 04, Hamur, 04850
Agri, 04, Patnos, 04500
Agri, 04, Tasliçay, 04800
Agri, 04, Tutak, 04700
Aksaray, 68, Agaçören, 68600
Aksaray, 68, Agaçören, 68610
Aksaray, 68, Aksaray, 68000
Aksaray, 68, Aksaray, 68100
Aksaray, 68, Aksaray, 68105
Aksaray, 68, Aksaray, 68120
Aksaray, 68, Aksaray, 68125
Aksaray, 68, Aksaray, 68130
Aksaray, 68, Aksaray, 68135
Aksaray, 68, Aksaray, 68136
Aksaray, 68, Aksaray, 68140
Aksaray, 68, Aksaray, 68150
Aksaray, 68, Aksaray, 68165
Aksaray, 68, Aksaray, 68170
Aksaray, 68, Aksaray, 68180
Aksaray, 68, Aksaray, 68190
Aksaray, 68, Aksaray, 68200
Aksaray, 68, Aksaray, 68210
Aksaray, 68, Aksaray, 68220
Aksaray, 68, Aksaray, 68230
Aksaray, 68, Aksaray, 68240
Aksaray, 68, Aksaray, 68250
Aksaray, 68, Aksaray, 68260
Aksaray, 68, Aksaray, 68270
Aksaray, 68, Aksaray, 68280
Aksaray, 68, Aksaray, 68290
Aksaray, 68, Eskil, 68800
Aksaray, 68, Gülagaç, 68900
Aksaray, 68, Gülagaç, 68910
Aksaray, 68, Gülagaç, 68920
Aksaray, 68, Gülagaç, 68930
Aksaray, 68, Gülagaç, 68940
Aksaray, 68, Gülagaç, 68950
Aksaray, 68, Güzelyurt, 68500
Aksaray, 68, Güzelyurt, 68570
Aksaray, 68, Ortaköy, 68400
Aksaray, 68, Ortaköy, 68440
Aksaray, 68, Ortaköy, 68450
Aksaray, 68, Ortaköy, 68460
Aksaray, 68, Ortaköy, 68470
Aksaray, 68, Sariyahsi, 68700
Aksaray, 68, Sariyahsi, 68750
Amasya, 05, Amasya, 05000
Amasya, 05, Amasya, 05040
Amasya, 05, Amasya, 05100
Amasya, 05, Amasya, 05110
Amasya, 05, Amasya, 05140
Amasya, 05, Amasya, 05190
Amasya, 05, Amasya, 05195
Amasya, 05, Amasya, 05200
Amasya, 05, Amasya, 05230
Amasya, 05, Amasya, 05235
Amasya, 05, Amasya, 05240
Amasya, 05, Göynücek, 05900
Amasya, 05, Göynücek, 05910
Amasya, 05, Göynücek, 05920
Amasya, 05, Gümüshaciköy, 05700
Amasya, 05, Hamamözü, 05720
Amasya, 05, Merzifon, 05300
Amasya, 05, Merzifon, 05320
Amasya, 05, Suluova, 05500
Amasya, 05, Tasova, 05800
Amasya, 05, Tasova, 05810
Amasya, 05, Tasova, 05820
Amasya, 05, Tasova, 05860
Amasya, 05, Tasova, 05870
Amasya, 05, Tasova, 05876
Amasya, 05, Tasova, 05886
Amasya, 05, Tasova, 05890
Amasya, 05, Tasova, 05896
Ankara, 06, Akyurt, 06750
Ankara, 06, Altindag, 06030
Ankara, 06, Altindag, 06070
Ankara, 06, Altindag, 06080
Ankara, 06, Altindag, 06090
Ankara, 06, Altindag, 06110
Ankara, 06, Altindag, 06130
Ankara, 06, Altindag, 06140
Ankara, 06, Altindag, 06150
Ankara, 06, Altindag, 06160
Ankara, 06, Altindag, 06165
Ankara, 06, Altindag, 06230
Ankara, 06, Altindag, 06250
Ankara, 06, Altindag, 06360
Ankara, 06, Altindag, 06365
Ankara, 06, Ayas, 06710
Ankara, 06, Ayas, 06714
Ankara, 06, Bala, 06720
Ankara, 06, Bala, 06726
Ankara, 06, Beypazari, 06730
Ankara, 06, Beypazari, 06732
Ankara, 06, Beypazari, 06733
Ankara, 06, Beypazari, 06734
Ankara, 06, Çamlidere, 06740
Ankara, 06, Çankaya, 06420
Ankara, 06, Çankaya, 06430
Ankara, 06, Çankaya, 06450
Ankara, 06, Çankaya, 06460
Ankara, 06, Çankaya, 06490
Ankara, 06, Çankaya, 06510
Ankara, 06, Çankaya, 06520
Ankara, 06, Çankaya, 06530
Ankara, 06, Çankaya, 06540
Ankara, 06, Çankaya, 06543
Ankara, 06, Çankaya, 06550
Ankara, 06, Çankaya, 06570
Ankara, 06, Çankaya, 06590
Ankara, 06, Çankaya, 06610
Ankara, 06, Çankaya, 06660
Ankara, 06, Çankaya, 06670
Ankara, 06, Çankaya, 06680
Ankara, 06, Çankaya, 06690
Ankara, 06, Çankaya, 06700
Ankara, 06, Çankaya, 06705
Ankara, 06, Çankaya, 06800
Ankara, 06, Çankaya, 06805
Ankara, 06, Çubuk, 06760
Ankara, 06, Çubuk, 06970
Ankara, 06, Elmadag, 06780
Ankara, 06, Elmadag, 06850
Ankara, 06, Etimesgut, 06790
Ankara, 06, Etimesgut, 06794
Ankara, 06, Etimesgut, 06796
Ankara, 06, Etimesgut, 06797
Ankara, 06, Etimesgut, 06820
Ankara, 06, Etimesgut, 06824
Ankara, 06, Etimesgut, 06827
Ankara, 06, Evren, 06770
Ankara, 06, Gölbasi, 06830
Ankara, 06, Güdül, 06840
Ankara, 06, Güdül, 06842
Ankara, 06, Güdül, 06843
Ankara, 06, Güdül, 06844
Ankara, 06, Haymana, 06860
Ankara, 06, Haymana, 06863
Ankara, 06, Kalecik, 06870
Ankara, 06, Kazan, 06980
Ankara, 06, Keçiören, 06010
Ankara, 06, Keçiören, 06020
Ankara, 06, Keçiören, 06120
Ankara, 06, Keçiören, 06135
Ankara, 06, Keçiören, 06220
Ankara, 06, Keçiören, 06280
Ankara, 06, Keçiören, 06290
Ankara, 06, Keçiören, 06291
Ankara, 06, Keçiören, 06300
Ankara, 06, Keçiören, 06310
Ankara, 06, Keçiören, 06790
Ankara, 06, Kizilcahamam, 06890
Ankara, 06, Mamak, 06260
Ankara, 06, Mamak, 06263
Ankara, 06, Mamak, 06270
Ankara, 06, Mamak, 06320
Ankara, 06, Mamak, 06340
Ankara, 06, Mamak, 06350
Ankara, 06, Mamak, 06470
Ankara, 06, Mamak, 06480
Ankara, 06, Mamak, 06620
Ankara, 06, Mamak, 06630
Ankara, 06, Mamak, 06635
Ankara, 06, Mamak, 06852
Ankara, 06, Nallihan, 06920
Ankara, 06, Nallihan, 06922
Ankara, 06, Nallihan, 06925
Ankara, 06, Polatli, 06900
Ankara, 06, Pursaklar, 06145
Ankara, 06, Pursaklar, 06146
Ankara, 06, Sereflikoçhisar, 06950
Ankara, 06, Sincan, 06909
Ankara, 06, Sincan, 06930
Ankara, 06, Sincan, 06932
Ankara, 06, Sincan, 06933
Ankara, 06, Sincan, 06934
Ankara, 06, Sincan, 06935
Ankara, 06, Sincan, 06936
Ankara, 06, Sincan, 06940
Ankara, 06, Sincan, 06946
Ankara, 06, Sincan, 06949
Ankara, 06, Yenimahalle, 06105
Ankara, 06, Yenimahalle, 06170
Ankara, 06, Yenimahalle, 06180
Ankara, 06, Yenimahalle, 06190
Ankara, 06, Yenimahalle, 06200
Ankara, 06, Yenimahalle, 06210
Ankara, 06, Yenimahalle, 06330
Ankara, 06, Yenimahalle, 06370
Ankara, 06, Yenimahalle, 06374
Ankara, 06, Yenimahalle, 06378
Ankara, 06, Yenimahalle, 06560
Ankara, 06, Yenimahalle, 06810
Ankara, 06, Yenimahalle, 06819
Antalya, 07, Akseki, 07630
Antalya, 07, Akseki, 07650
Antalya, 07, Aksu, 07110
Antalya, 07, Alanya, 07400
Antalya, 07, Alanya, 07407
Antalya, 07, Alanya, 07410
Antalya, 07, Alanya, 07415
Antalya, 07, Alanya, 07425
Antalya, 07, Alanya, 07430
Antalya, 07, Alanya, 07440
Antalya, 07, Alanya, 07450
Antalya, 07, Alanya, 07460
Antalya, 07, Alanya, 07469
Antalya, 07, Alanya, 07470
Antalya, 07, Alanya, 07475
Antalya, 07, Alanya, 07490
Antalya, 07, Demre, 07570
Antalya, 07, Dösemealti, 07120
Antalya, 07, Dösemealti, 07150
Antalya, 07, Dösemealti, 07190
Antalya, 07, Elmali, 07700
Antalya, 07, Elmali, 07715
Antalya, 07, Elmali, 07770
Antalya, 07, Finike, 07740
Antalya, 07, Finike, 07750
Antalya, 07, Finike, 07880
Antalya, 07, Finike, 07930
Antalya, 07, Finike, 07940
Antalya, 07, Gazipasa, 07900
Antalya, 07, Gazipasa, 07915
Antalya, 07, Gündogmus, 07860
Antalya, 07, Ibradi, 07680
Antalya, 07, Ibradi, 07690
Antalya, 07, Kas, 07580
Antalya, 07, Kas, 07780
Antalya, 07, Kas, 07960
Antalya, 07, Kas, 07965
Antalya, 07, Kas, 07970
Antalya, 07, Kas, 07974
Antalya, 07, Kas, 07975
Antalya, 07, Kemer, 07980
Antalya, 07, Kemer, 07990
Antalya, 07, Kemer, 07994
Antalya, 07, Kemer, 07995
Antalya, 07, Kepez, 07020
Antalya, 07, Kepez, 07060
Antalya, 07, Kepez, 07080
Antalya, 07, Kepez, 07090
Antalya, 07, Kepez, 07170
Antalya, 07, Kepez, 07210
Antalya, 07, Kepez, 07220
Antalya, 07, Kepez, 07260
Antalya, 07, Kepez, 07320
Antalya, 07, Konyaalti, 07070
Antalya, 07, Konyaalti, 07130
Antalya, 07, Konyaalti, 07140
Antalya, 07, Korkuteli, 07800
Antalya, 07, Korkuteli, 07810
Antalya, 07, Korkuteli, 07830
Antalya, 07, Korkuteli, 07840
Antalya, 07, Kumluca, 07350
Antalya, 07, Kumluca, 07365
Antalya, 07, Kumluca, 07370
Antalya, 07, Kumluca, 07390
Antalya, 07, Manavgat, 07330
Antalya, 07, Manavgat, 07550
Antalya, 07, Manavgat, 07600
Antalya, 07, Muratpasa, 07010
Antalya, 07, Muratpasa, 07030
Antalya, 07, Muratpasa, 07040
Antalya, 07, Muratpasa, 07050
Antalya, 07, Muratpasa, 07100
Antalya, 07, Muratpasa, 07160
Antalya, 07, Muratpasa, 07200
Antalya, 07, Muratpasa, 07230
Antalya, 07, Muratpasa, 07300
Antalya, 07, Serik, 07500
Antalya, 07, Serik, 07505
Antalya, 07, Serik, 07510
Antalya, 07, Serik, 07520
Antalya, 07, Serik, 07525
Antalya, 07, Serik, 07540
Antalya, 07, Serik, 07552
Ardahan, 75, Ardahan, 75000
Ardahan, 75, Çildir, 75400
Ardahan, 75, Çildir, 75550
Ardahan, 75, Damal, 75600
Ardahan, 75, Göle, 75700
Ardahan, 75, Göle, 75780
Ardahan, 75, Hanak, 75900
Ardahan, 75, Posof, 75800
Artvin, 08, Ardanuç, 08300
Artvin, 08, Ardanuç, 08390
Artvin, 08, Arhavi, 08200
Artvin, 08, Arhavi, 08290
Artvin, 08, Artvin, 08000
Artvin, 08, Artvin, 08100
Artvin, 08, Borçka, 08400
Artvin, 08, Borçka, 08490
Artvin, 08, Hopa, 08600
Artvin, 08, Hopa, 08610
Artvin, 08, Hopa, 08690
Artvin, 08, Murgul, 08500
Artvin, 08, Murgul, 08510
Artvin, 08, Murgul, 08590
Artvin, 08, Savsat, 08700
Artvin, 08, Savsat, 08720
Artvin, 08, Savsat, 08790
Artvin, 08, Yusufeli, 08800
Artvin, 08, Yusufeli, 08820
Artvin, 08, Yusufeli, 08890
Aydin, 09, Aydin, 09000
Aydin, 09, Aydin, 09010
Aydin, 09, Aydin, 09020
Aydin, 09, Aydin, 09060
Aydin, 09, Aydin, 09090
Aydin, 09, Aydin, 09100
Aydin, 09, Aydin, 09110
Aydin, 09, Aydin, 09120
Aydin, 09, Aydin, 09230
Aydin, 09, Aydin, 09630
Aydin, 09, Bozdogan, 09760
Aydin, 09, Bozdogan, 09780
Aydin, 09, Buharkent, 09670
Aydin, 09, Çine, 09500
Aydin, 09, Çine, 09520
Aydin, 09, Didim, 09270
Aydin, 09, Didim, 09290
Aydin, 09, Didim, 09295
Aydin, 09, Didim, 09320
Aydin, 09, Germencik, 09330
Aydin, 09, Germencik, 09700
Aydin, 09, Germencik, 09710
Aydin, 09, Germencik, 09720
Aydin, 09, Incirliova, 09600
Aydin, 09, Incirliova, 09610
Aydin, 09, Karacasu, 09370
Aydin, 09, Karacasu, 09380
Aydin, 09, Karacasu, 09385
Aydin, 09, Karacasu, 09390
Aydin, 09, Karpuzlu, 09540
Aydin, 09, Koçarli, 09670
Aydin, 09, Koçarli, 09970
Aydin, 09, Koçarli, 09990
Aydin, 09, Kösk, 09570
Aydin, 09, Kusadasi, 09400
Aydin, 09, Kusadasi, 09430
Aydin, 09, Kusadasi, 09460
Aydin, 09, Kuyucak, 09930
Aydin, 09, Kuyucak, 09935
Aydin, 09, Kuyucak, 09940
Aydin, 09, Kuyucak, 09950
Aydin, 09, Kuyucak, 09965
Aydin, 09, Nazilli, 09800
Aydin, 09, Nazilli, 09870
Aydin, 09, Nazilli, 09900
Aydin, 09, Söke, 09170
Aydin, 09, Söke, 09200
Aydin, 09, Söke, 09206
Aydin, 09, Söke, 09207
Aydin, 09, Söke, 09220
Aydin, 09, Söke, 09230
Aydin, 09, Söke, 09250
Aydin, 09, Söke, 09260
Aydin, 09, Sultanhisar, 09470
Aydin, 09, Sultanhisar, 09490
Aydin, 09, Sultanhisar, 09650
Aydin, 09, Yenipazar, 09350
Balikesir, 10, Ayvalik, 10280
Balikesir, 10, Ayvalik, 10400
Balikesir, 10, Ayvalik, 10405
Balikesir, 10, Ayvalik, 10410
Balikesir, 10, Ayvalik, 10425
Balikesir, 10, Balikesir, 10020
Balikesir, 10, Balikesir, 10030
Balikesir, 10, Balikesir, 10040
Balikesir, 10, Balikesir, 10050
Balikesir, 10, Balikesir, 10085
Balikesir, 10, Balikesir, 10100
Balikesir, 10, Balikesir, 10110
Balikesir, 10, Balikesir, 10140
Balikesir, 10, Balikesir, 10155
Balikesir, 10, Balikesir, 10180
Balikesir, 10, Balya, 10160
Balikesir, 10, Balya, 10840
Balikesir, 10, Bandirma, 10200
Balikesir, 10, Bandirma, 10245
Balikesir, 10, Bandirma, 10640
Balikesir, 10, Bigadiç, 10440
Balikesir, 10, Bigadiç, 10443
Balikesir, 10, Bigadiç, 10460
Balikesir, 10, Bigadiç, 10463
Balikesir, 10, Burhaniye, 10700
Balikesir, 10, Burhaniye, 10730
Balikesir, 10, Dursunbey, 10800
Balikesir, 10, Edremit, 10300
Balikesir, 10, Edremit, 10305
Balikesir, 10, Edremit, 10325
Balikesir, 10, Edremit, 10390
Balikesir, 10, Edremit, 10395
Balikesir, 10, Edremit, 10870
Balikesir, 10, Erdek, 10500
Balikesir, 10, Erdek, 10510
Balikesir, 10, Erdek, 10525
Balikesir, 10, Erdek, 10530
Balikesir, 10, Erdek, 10975
Balikesir, 10, Gömeç, 10715
Balikesir, 10, Gönen, 10680
Balikesir, 10, Gönen, 10900
Balikesir, 10, Havran, 10560
Balikesir, 10, Havran, 10565
Balikesir, 10, Ivrindi, 10095
Balikesir, 10, Ivrindi, 10770
Balikesir, 10, Ivrindi, 10775
Balikesir, 10, Ivrindi, 10780
Balikesir, 10, Ivrindi, 10785
Balikesir, 10, Kepsut, 10660
Balikesir, 10, Manyas, 10470
Balikesir, 10, Manyas, 10480
Balikesir, 10, Manyas, 10490
Balikesir, 10, Marmara, 10360
Balikesir, 10, Marmara, 10365
Balikesir, 10, Marmara, 10940
Balikesir, 10, Savastepe, 10580
Balikesir, 10, Savastepe, 10590
Balikesir, 10, Sindirgi, 10330
Balikesir, 10, Susurluk, 10600
Balikesir, 10, Susurluk, 10610
Balikesir, 10, Susurluk, 10615
Bartin, 74, Amasra, 74300
Bartin, 74, Amasra, 74310
Bartin, 74, Bartin, 74020
Bartin, 74, Bartin, 74100
Bartin, 74, Bartin, 74110
Bartin, 74, Bartin, 74200
Bartin, 74, Bartin, 74400
Bartin, 74, Kurucasile, 74500
Bartin, 74, Kurucasile, 74510
Bartin, 74, Ulus, 74410
Bartin, 74, Ulus, 74600
Bartin, 74, Ulus, 74610
Batman, 72, Batman, 72000
Batman, 72, Batman, 72040
Batman, 72, Batman, 72050
Batman, 72, Batman, 72060
Batman, 72, Batman, 72070
Batman, 72, Besiri, 72200
Batman, 72, Besiri, 72240
Batman, 72, Gercüs, 72300
Batman, 72, Gercüs, 72310
Batman, 72, Hasankeyf, 72350
Batman, 72, Kozluk, 72400
Batman, 72, Sason, 72500
Bayburt, 69, Aydintepe, 69500
Bayburt, 69, Bayburt, 69000
Bayburt, 69, Bayburt, 69200
Bayburt, 69, Bayburt, 69250
Bayburt, 69, Bayburt, 69300
Bayburt, 69, Demirözü, 69400
Bayburt, 69, Demirözü, 69450
Bilecik, 11, Bilecik, 11000
Bilecik, 11, Bilecik, 11120
Bilecik, 11, Bilecik, 11130
Bilecik, 11, Bilecik, 11230
Bilecik, 11, Bozüyük, 11300
Bilecik, 11, Bozüyük, 11440
Bilecik, 11, Gölpazari, 11700
Bilecik, 11, Inhisar, 11640
Bilecik, 11, Osmaneli, 11500
Bilecik, 11, Pazaryeri, 11800
Bilecik, 11, Sögüt, 11460
Bilecik, 11, Sögüt, 11600
Bilecik, 11, Sögüt, 11645
Bilecik, 11, Yenipazar, 11780
Bingöl, 12, Adakli, 12600
Bingöl, 12, Bingöl, 12000
Bingöl, 12, Genç, 12500
Bingöl, 12, Genç, 12510
Bingöl, 12, Karliova, 12900
Bingöl, 12, Kigi, 12800
Bingöl, 12, Solhan, 12700
Bingöl, 12, Yayladere, 12650
Bingöl, 12, Yedisu, 12830
Bitlis, 13, Adilcevaz, 13500
Bitlis, 13, Ahlat, 13400
Bitlis, 13, Bitlis, 13000
Bitlis, 13, Güroymak, 13800
Bitlis, 13, Güroymak, 13810
Bitlis, 13, Hizan, 13600
Bitlis, 13, Mutki, 13700
Bitlis, 13, Tatvan, 13200
Bolu, 14, Bolu, 14020
Bolu, 14, Bolu, 14030
Bolu, 14, Bolu, 14100
Bolu, 14, Bolu, 14200
Bolu, 14, Bolu, 14300
Bolu, 14, Dörtdivan, 14910
Bolu, 14, Gerede, 14900
Bolu, 14, Göynük, 14780
Bolu, 14, Kibriscik, 14610
Bolu, 14, Mengen, 14840
Bolu, 14, Mengen, 14850
Bolu, 14, Mengen, 14860
Bolu, 14, Mudurnu, 14800
Bolu, 14, Mudurnu, 14810
Bolu, 14, Seben, 14750
Bolu, 14, Yeniçaga, 14650
Burdur, 15, Aglasun, 15800
Burdur, 15, Aglasun, 15810
Burdur, 15, Aglasun, 15820
Burdur, 15, Altinyayla, 15420
Burdur, 15, Bucak, 15300
Burdur, 15, Bucak, 15310
Burdur, 15, Bucak, 15315
Burdur, 15, Bucak, 15325
Burdur, 15, Bucak, 15330
Burdur, 15, Bucak, 15335
Burdur, 15, Burdur, 15000
Burdur, 15, Burdur, 15030
Burdur, 15, Burdur, 15040
Burdur, 15, Burdur, 15100
Burdur, 15, Burdur, 15110
Burdur, 15, Burdur, 15200
Burdur, 15, Burdur, 15210
Burdur, 15, Çavdir, 15900
Burdur, 15, Çavdir, 15910
Burdur, 15, Çavdir, 15920
Burdur, 15, Çavdir, 15930
Burdur, 15, Çeltikçi, 15070
Burdur, 15, Çeltikçi, 15075
Burdur, 15, Gölhisar, 15400
Burdur, 15, Gölhisar, 15410
Burdur, 15, Gölhisar, 15425
Burdur, 15, Karamanli, 15700
Burdur, 15, Kemer, 15090
Burdur, 15, Tefenni, 15600
Burdur, 15, Tefenni, 15610
Burdur, 15, Tefenni, 15660
Burdur, 15, Yesilova, 15500
Burdur, 15, Yesilova, 15515
Burdur, 15, Yesilova, 15520
Bursa, 16, Büyükorhan, 16990
Bursa, 16, Gemlik, 16600
Bursa, 16, Gemlik, 16620
Bursa, 16, Gemlik, 16630
Bursa, 16, Gemlik, 16650
Bursa, 16, Gürsu, 16580
Bursa, 16, Harmancik, 16770
Bursa, 16, Inegöl, 16400
Bursa, 16, Inegöl, 16415
Bursa, 16, Inegöl, 16440
Bursa, 16, Iznik, 16860
Bursa, 16, Iznik, 16870
Bursa, 16, Iznik, 16890
Bursa, 16, Karacabey, 16700
Bursa, 16, Karacabey, 16710
Bursa, 16, Keles, 16740
Bursa, 16, Kestel, 16450
Bursa, 16, Kestel, 16460
Bursa, 16, Mudanya, 16940
Bursa, 16, Mudanya, 16950
Bursa, 16, Mudanya, 16960
Bursa, 16, Mudanya, 16970
Bursa, 16, Mustafakemalpasa, 16500
Bursa, 16, Mustafakemalpasa, 16510
Bursa, 16, Mustafakemalpasa, 16535
Bursa, 16, Mustafakemalpasa, 16536
Bursa, 16, Mustafakemalpasa, 16550
Bursa, 16, Mustafakemalpasa, 16560
Bursa, 16, Mustafakemalpasa, 16561
Bursa, 16, Nilüfer, 16110
Bursa, 16, Nilüfer, 16120
Bursa, 16, Nilüfer, 16130
Bursa, 16, Nilüfer, 16140
Bursa, 16, Nilüfer, 16159
Bursa, 16, Nilüfer, 16285
Bursa, 16, Nilüfer, 16315
Bursa, 16, Orhaneli, 16980
Bursa, 16, Orhangazi, 16800
Bursa, 16, Orhangazi, 16805
Bursa, 16, Orhangazi, 16810
Bursa, 16, Orhangazi, 16815
Bursa, 16, Orhangazi, 16820
Bursa, 16, Orhangazi, 16825
Bursa, 16, Orhangazi, 16850
Bursa, 16, Osmangazi, 16010
Bursa, 16, Osmangazi, 16020
Bursa, 16, Osmangazi, 16030
Bursa, 16, Osmangazi, 16040
Bursa, 16, Osmangazi, 16050
Bursa, 16, Osmangazi, 16060
Bursa, 16, Osmangazi, 16080
Bursa, 16, Osmangazi, 16090
Bursa, 16, Osmangazi, 16150
Bursa, 16, Osmangazi, 16160
Bursa, 16, Osmangazi, 16170
Bursa, 16, Osmangazi, 16190
Bursa, 16, Osmangazi, 16200
Bursa, 16, Osmangazi, 16220
Bursa, 16, Osmangazi, 16240
Bursa, 16, Osmangazi, 16245
Bursa, 16, Osmangazi, 16250
Bursa, 16, Osmangazi, 16260
Bursa, 16, Osmangazi, 16265
Bursa, 16, Osmangazi, 16305
Bursa, 16, Osmangazi, 16335
Bursa, 16, Osmangazi, 16370
Bursa, 16, Yenisehir, 16900
Bursa, 16, Yildirim, 16270
Bursa, 16, Yildirim, 16290
Bursa, 16, Yildirim, 16300
Bursa, 16, Yildirim, 16310
Bursa, 16, Yildirim, 16320
Bursa, 16, Yildirim, 16340
Bursa, 16, Yildirim, 16350
Bursa, 16, Yildirim, 16360
Bursa, 16, Yildirim, 16365
Çanakkale, 17, Ayvacik, 17860
Çanakkale, 17, Ayvacik, 17980
Çanakkale, 17, Bayramiç, 17700
Çanakkale, 17, Bayramiç, 17720
Çanakkale, 17, Biga, 17200
Çanakkale, 17, Biga, 17310
Çanakkale, 17, Biga, 17320
Çanakkale, 17, Biga, 17950
Çanakkale, 17, Bozcaada, 17680
Çanakkale, 17, Çan, 17400
Çanakkale, 17, Çan, 17410
Çanakkale, 17, Çanakkale, 17020
Çanakkale, 17, Çanakkale, 17060
Çanakkale, 17, Çanakkale, 17100
Çanakkale, 17, Çanakkale, 17106
Çanakkale, 17, Çanakkale, 17110
Çanakkale, 17, Eceabat, 17900
Çanakkale, 17, Ezine, 17600
Çanakkale, 17, Ezine, 17610
Çanakkale, 17, Ezine, 17640
Çanakkale, 17, Gelibolu, 17340
Çanakkale, 17, Gelibolu, 17350
Çanakkale, 17, Gelibolu, 17360
Çanakkale, 17, Gelibolu, 17500
Çanakkale, 17, Gökçeada, 17760
Çanakkale, 17, Lapseki, 17800
Çanakkale, 17, Lapseki, 17810
Çanakkale, 17, Lapseki, 17820
Çanakkale, 17, Yenice, 17550
Çanakkale, 17, Yenice, 17560
Çanakkale, 17, Yenice, 17570
Çanakkale, 17, Yenice, 17580
Çanakkale, 17, Yenice, 17590
Çankiri, 18, Atkaracalar, 18310
Çankiri, 18, Atkaracalar, 18315
Çankiri, 18, Bayramören, 18320
Çankiri, 18, Çankiri, 18000
Çankiri, 18, Çankiri, 18100
Çankiri, 18, Çankiri, 18200
Çankiri, 18, Çerkes, 18600
Çankiri, 18, Eldivan, 18700
Çankiri, 18, Ilgaz, 18400
Çankiri, 18, Ilgaz, 18420
Çankiri, 18, Kizilirmak, 18280
Çankiri, 18, Korgun, 18260
Çankiri, 18, Kursunlu, 18300
Çankiri, 18, Orta, 18800
Çankiri, 18, Orta, 18810
Çankiri, 18, Orta, 18820
Çankiri, 18, Orta, 18830
Çankiri, 18, Orta, 18850
Çankiri, 18, Orta, 18870
Çankiri, 18, Sabanözü, 18650
Çankiri, 18, Sabanözü, 18660
Çankiri, 18, Sabanözü, 18690
Çankiri, 18, Yaprakli, 18900
Çankiri, 18, Yaprakli, 18910
Çankiri, 18, Yaprakli, 18920
Çorum, 19, Alaca, 19600
Çorum, 19, Bayat, 19800
Çorum, 19, Bogazkale, 19310
Çorum, 19, Çorum, 19030
Çorum, 19, Çorum, 19040
Çorum, 19, Çorum, 19100
Çorum, 19, Çorum, 19200
Çorum, 19, Dodurga, 19060
Çorum, 19, Dodurga, 19800
Çorum, 19, Iskilip, 19400
Çorum, 19, Kargi, 19900
Çorum, 19, Kargi, 19910
Çorum, 19, Laçin, 19020
Çorum, 19, Laçin, 19080
Çorum, 19, Mecitözü, 19700
Çorum, 19, Oguzlar, 19070
Çorum, 19, Ortaköy, 19950
Çorum, 19, Osmancik, 19500
Çorum, 19, Sungurlu, 19300
Çorum, 19, Ugurludag, 19410
Denizli, 20, Acipayam, 20800
Denizli, 20, Acipayam, 20810
Denizli, 20, Acipayam, 20820
Denizli, 20, Acipayam, 20830
Denizli, 20, Acipayam, 20840
Denizli, 20, Acipayam, 20870
Denizli, 20, Acipayam, 20880
Denizli, 20, Acipayam, 20890
Denizli, 20, Akköy, 20260
Denizli, 20, Akköy, 20265
Denizli, 20, Akköy, 20280
Denizli, 20, Akköy, 20290
Denizli, 20, Babadag, 20480
Denizli, 20, Baklan, 20770
Denizli, 20, Baklan, 20780
Denizli, 20, Bekilli, 20930
Denizli, 20, Bekilli, 20940
Denizli, 20, Beyagaç, 20590
Denizli, 20, Bozkurt, 20370
Denizli, 20, Bozkurt, 20380
Denizli, 20, Buldan, 20400
Denizli, 20, Buldan, 20410
Denizli, 20, Çal, 20700
Denizli, 20, Çal, 20710
Denizli, 20, Çal, 20720
Denizli, 20, Çal, 20730
Denizli, 20, Çal, 20740
Denizli, 20, Çal, 20750
Denizli, 20, Çal, 20755
Denizli, 20, Çal, 20760
Denizli, 20, Çal, 20765
Denizli, 20, Çameli, 20980
Denizli, 20, Çardak, 20350
Denizli, 20, Çardak, 20360
Denizli, 20, Çivril, 20600
Denizli, 20, Çivril, 20610
Denizli, 20, Çivril, 20620
Denizli, 20, Çivril, 20630
Denizli, 20, Çivril, 20640
Denizli, 20, Çivril, 20650
Denizli, 20, Çivril, 20670
Denizli, 20, Çivril, 20675
Denizli, 20, Çivril, 20680
Denizli, 20, Çivril, 20690
Denizli, 20, Denizli, 20010
Denizli, 20, Denizli, 20020
Denizli, 20, Denizli, 20070
Denizli, 20, Denizli, 20085
Denizli, 20, Denizli, 20100
Denizli, 20, Denizli, 20125
Denizli, 20, Denizli, 20150
Denizli, 20, Denizli, 20155
Denizli, 20, Denizli, 20175
Denizli, 20, Denizli, 20180
Denizli, 20, Denizli, 20185
Denizli, 20, Denizli, 20200
Denizli, 20, Denizli, 20210
Denizli, 20, Denizli, 20225
Denizli, 20, Denizli, 20254
Denizli, 20, Güney, 20460
Denizli, 20, Honaz, 20240
Denizli, 20, Honaz, 20330
Denizli, 20, Kale, 20570
Denizli, 20, Kale, 20575
Denizli, 20, Sarayköy, 20300
Denizli, 20, Sarayköy, 20310
Denizli, 20, Sarayköy, 20315
Denizli, 20, Sarayköy, 20320
Denizli, 20, Sarayköy, 20325
Denizli, 20, Serinhisar, 20430
Denizli, 20, Serinhisar, 20440
Denizli, 20, Tavas, 20500
Denizli, 20, Tavas, 20510
Denizli, 20, Tavas, 20520
Denizli, 20, Tavas, 20530
Denizli, 20, Tavas, 20535
Denizli, 20, Tavas, 20540
Denizli, 20, Tavas, 20555
Denizli, 20, Tavas, 20560
Denizli, 20, Tavas, 20565
Denizli, 20, Tavas, 20950
Denizli, 20, Tavas, 20960
Diyarbakir, 21, Baglar, 21050
Diyarbakir, 21, Baglar, 21060
Diyarbakir, 21, Baglar, 21080
Diyarbakir, 21, Baglar, 21090
Diyarbakir, 21, Bismil, 21500
Diyarbakir, 21, Bismil, 21510
Diyarbakir, 21, Bismil, 21520
Diyarbakir, 21, Çermik, 21600
Diyarbakir, 21, Çinar, 21750
Diyarbakir, 21, Çüngüs, 21870
Diyarbakir, 21, Dicle, 21830
Diyarbakir, 21, Egil, 21470
Diyarbakir, 21, Ergani, 21950
Diyarbakir, 21, Hani, 21800
Diyarbakir, 21, Hazro, 21560
Diyarbakir, 21, Kayapinar, 21070
Diyarbakir, 21, Kayapinar, 21075
Diyarbakir, 21, Kocaköy, 21450
Diyarbakir, 21, Kulp, 21900
Diyarbakir, 21, Lice, 21700
Diyarbakir, 21, Silvan, 21640
Diyarbakir, 21, Sur, 21200
Diyarbakir, 21, Sur, 21280
Diyarbakir, 21, Sur, 21300
Diyarbakir, 21, Sur, 21310
Diyarbakir, 21, Yenisehir, 21010
Diyarbakir, 21, Yenisehir, 21100
Diyarbakir, 21, Yenisehir, 21120
Düzce, 81, Akçakoca, 81650
Düzce, 81, Çilimli, 81750
Düzce, 81, Cumayeri, 81700
Düzce, 81, Düzce, 81010
Düzce, 81, Düzce, 81020
Düzce, 81, Düzce, 81030
Düzce, 81, Düzce, 81100
Düzce, 81, Düzce, 81600
Düzce, 81, Düzce, 81620
Düzce, 81, Düzce, 81630
Düzce, 81, Gölyaka, 81800
Düzce, 81, Gümüsova, 81850
Düzce, 81, Kaynasli, 81900
Düzce, 81, Yigilca, 81950
Edirne, 22, Edirne, 22020
Edirne, 22, Edirne, 22030
Edirne, 22, Edirne, 22100
Edirne, 22, Edirne, 22130
Edirne, 22, Edirne, 22770
Edirne, 22, Enez, 22700
Edirne, 22, Enez, 22750
Edirne, 22, Havsa, 22500
Edirne, 22, Havsa, 22530
Edirne, 22, Ipsala, 22400
Edirne, 22, Ipsala, 22410
Edirne, 22, Ipsala, 22420
Edirne, 22, Ipsala, 22480
Edirne, 22, Ipsala, 22490
Edirne, 22, Kesan, 22800
Edirne, 22, Kesan, 22880
Edirne, 22, Kesan, 22900
Edirne, 22, Kesan, 22910
Edirne, 22, Kesan, 22920
Edirne, 22, Kesan, 22930
Edirne, 22, Lalapasa, 22950
Edirne, 22, Lalapasa, 22970
Edirne, 22, Meriç, 22600
Edirne, 22, Meriç, 22610
Edirne, 22, Meriç, 22670
Edirne, 22, Meriç, 22680
Edirne, 22, Süloglu, 22560
Edirne, 22, Süloglu, 22580
Edirne, 22, Uzunköprü, 22200
Edirne, 22, Uzunköprü, 22260
Edirne, 22, Uzunköprü, 22300
Edirne, 22, Uzunköprü, 22360
Elazig, 23, Agin, 23960
Elazig, 23, Alacakaya, 23410
Elazig, 23, Aricak, 23510
Elazig, 23, Baskil, 23800
Elazig, 23, Elazig, 23040
Elazig, 23, Elazig, 23050
Elazig, 23, Elazig, 23090
Elazig, 23, Elazig, 23100
Elazig, 23, Elazig, 23130
Elazig, 23, Elazig, 23150
Elazig, 23, Elazig, 23180
Elazig, 23, Elazig, 23190
Elazig, 23, Elazig, 23200
Elazig, 23, Elazig, 23250
Elazig, 23, Elazig, 23270
Elazig, 23, Elazig, 23280
Elazig, 23, Elazig, 23300
Elazig, 23, Elazig, 23350
Elazig, 23, Karakoçan, 23600
Elazig, 23, Keban, 23700
Elazig, 23, Kovancilar, 23850
Elazig, 23, Maden, 23400
Elazig, 23, Maden, 23460
Elazig, 23, Palu, 23500
Elazig, 23, Palu, 23530
Elazig, 23, Sivrice, 23900
Erzincan, 24, Çayirli, 24500
Erzincan, 24, Çayirli, 24503
Erzincan, 24, Erzincan, 24002
Erzincan, 24, Erzincan, 24036
Erzincan, 24, Erzincan, 24046
Erzincan, 24, Erzincan, 24050
Erzincan, 24, Erzincan, 24056
Erzincan, 24, Erzincan, 24100
Erzincan, 24, Erzincan, 24131
Erzincan, 24, Erzincan, 24132
Erzincan, 24, Erzincan, 24134
Erzincan, 24, Erzincan, 24139
Erzincan, 24, Erzincan, 24141
Erzincan, 24, Erzincan, 24143
Erzincan, 24, Erzincan, 24145
Erzincan, 24, Erzincan, 24147
Erzincan, 24, Erzincan, 24149
Erzincan, 24, Erzincan, 24171
Erzincan, 24, Erzincan, 24181
Erzincan, 24, Iliç, 24700
Erzincan, 24, Iliç, 24710
Erzincan, 24, Kemah, 24400
Erzincan, 24, Kemaliye, 24600
Erzincan, 24, Kemaliye, 24610
Erzincan, 24, Kemaliye, 24620
Erzincan, 24, Otlukbeli, 24510
Erzincan, 24, Otlukbeli, 24515
Erzincan, 24, Refahiye, 24300
Erzincan, 24, Tercan, 24800
Erzincan, 24, Tercan, 24860
Erzincan, 24, Tercan, 24870
Erzincan, 24, Tercan, 24880
Erzincan, 24, Üzümlü, 24150
Erzincan, 24, Üzümlü, 24160
Erzincan, 24, Üzümlü, 24165
Erzincan, 24, Üzümlü, 24175
Erzurum, 25, Askale, 25500
Erzurum, 25, Askale, 25680
Erzurum, 25, Aziziye, 25700
Erzurum, 25, Çat, 25750
Erzurum, 25, Çat, 25760
Erzurum, 25, Hinis, 25600
Erzurum, 25, Horasan, 25800
Erzurum, 25, Ispir, 25900
Erzurum, 25, Ispir, 25940
Erzurum, 25, Karaçoban, 25610
Erzurum, 25, Karayazi, 25830
Erzurum, 25, Karayazi, 25840
Erzurum, 25, Köprüköy, 25320
Erzurum, 25, Köprüköy, 25340
Erzurum, 25, Narman, 25530
Erzurum, 25, Narman, 25534
Erzurum, 25, Oltu, 25400
Erzurum, 25, Olur, 25650
Erzurum, 25, Palandöken, 25060
Erzurum, 25, Palandöken, 25070
Erzurum, 25, Palandöken, 25080
Erzurum, 25, Palandöken, 25090
Erzurum, 25, Pasinler, 25300
Erzurum, 25, Pazaryolu, 25930
Erzurum, 25, Senkaya, 25360
Erzurum, 25, Senkaya, 25370
Erzurum, 25, Senkaya, 25380
Erzurum, 25, Senkaya, 25390
Erzurum, 25, Tekman, 25560
Erzurum, 25, Tortum, 25430
Erzurum, 25, Tortum, 25460
Erzurum, 25, Tortum, 25470
Erzurum, 25, Tortum, 25480
Erzurum, 25, Uzundere, 25440
Erzurum, 25, Yakutiye, 25010
Erzurum, 25, Yakutiye, 25030
Erzurum, 25, Yakutiye, 25040
Erzurum, 25, Yakutiye, 25050
Erzurum, 25, Yakutiye, 25100
Erzurum, 25, Yakutiye, 25200
Erzurum, 25, Yakutiye, 25240
Eskisehir, 26, Alpu, 26850
Eskisehir, 26, Alpu, 26860
Eskisehir, 26, Beylikova, 26750
Eskisehir, 26, Çifteler, 26700
Eskisehir, 26, Günyüzü, 26630
Eskisehir, 26, Günyüzü, 26650
Eskisehir, 26, Günyüzü, 26663
Eskisehir, 26, Han, 26710
Eskisehir, 26, Inönü, 26670
Eskisehir, 26, Inönü, 26690
Eskisehir, 26, Mahmudiye, 26800
Eskisehir, 26, Mihalgazi, 26880
Eskisehir, 26, Mihaliççik, 26900
Eskisehir, 26, Mihaliççik, 26920
Eskisehir, 26, Mihaliççik, 26940
Eskisehir, 26, Odunpazari, 26004
Eskisehir, 26, Odunpazari, 26010
Eskisehir, 26, Odunpazari, 26020
Eskisehir, 26, Odunpazari, 26030
Eskisehir, 26, Odunpazari, 26040
Eskisehir, 26, Odunpazari, 26050
Eskisehir, 26, Odunpazari, 26060
Eskisehir, 26, Odunpazari, 26070
Eskisehir, 26, Odunpazari, 26080
Eskisehir, 26, Odunpazari, 26090
Eskisehir, 26, Odunpazari, 26100
Eskisehir, 26, Odunpazari, 26110
Eskisehir, 26, Odunpazari, 26140
Eskisehir, 26, Odunpazari, 26160
Eskisehir, 26, Odunpazari, 26240
Eskisehir, 26, Odunpazari, 26250
Eskisehir, 26, Odunpazari, 26576
Eskisehir, 26, Saricakaya, 26870
Eskisehir, 26, Seyitgazi, 26950
Eskisehir, 26, Seyitgazi, 26960
Eskisehir, 26, Seyitgazi, 26970
Eskisehir, 26, Sivrihisar, 26600
Eskisehir, 26, Sivrihisar, 26625
Eskisehir, 26, Sivrihisar, 26640
Eskisehir, 26, Sivrihisar, 26657
Eskisehir, 26, Tepebasi, 26005
Eskisehir, 26, Tepebasi, 26120
Eskisehir, 26, Tepebasi, 26130
Eskisehir, 26, Tepebasi, 26150
Eskisehir, 26, Tepebasi, 26170
Eskisehir, 26, Tepebasi, 26180
Eskisehir, 26, Tepebasi, 26190
Eskisehir, 26, Tepebasi, 26200
Eskisehir, 26, Tepebasi, 26210
Eskisehir, 26, Tepebasi, 26220
Eskisehir, 26, Tepebasi, 26230
Eskisehir, 26, Tepebasi, 26550
Eskisehir, 26, Tepebasi, 26555
Eskisehir, 26, Tepebasi, 26560
Eskisehir, 26, Tepebasi, 26563
Gaziantep, 27, Araban, 27650
Gaziantep, 27, Araban, 27655
Gaziantep, 27, Islahiye, 27800
Gaziantep, 27, Islahiye, 27805
Gaziantep, 27, Islahiye, 27810
Gaziantep, 27, Islahiye, 27815
Gaziantep, 27, Islahiye, 27820
Gaziantep, 27, Karkamis, 27880
Gaziantep, 27, Nizip, 27700
Gaziantep, 27, Nurdagi, 27840
Gaziantep, 27, Nurdagi, 27845
Gaziantep, 27, Nurdagi, 27850
Gaziantep, 27, Oguzeli, 27900
Gaziantep, 27, Oguzeli, 27910
Gaziantep, 27, Oguzeli, 27920
Gaziantep, 27, Sahinbey, 27010
Gaziantep, 27, Sahinbey, 27070
Gaziantep, 27, Sahinbey, 27100
Gaziantep, 27, Sahinbey, 27200
Gaziantep, 27, Sahinbey, 27220
Gaziantep, 27, Sahinbey, 27240
Gaziantep, 27, Sahinbey, 27245
Gaziantep, 27, Sahinbey, 27260
Gaziantep, 27, Sahinbey, 27270
Gaziantep, 27, Sahinbey, 27300
Gaziantep, 27, Sahinbey, 27400
Gaziantep, 27, Sahinbey, 27410
Gaziantep, 27, Sahinbey, 27470
Gaziantep, 27, Sehitkamil, 27000
Gaziantep, 27, Sehitkamil, 27060
Gaziantep, 27, Sehitkamil, 27080
Gaziantep, 27, Sehitkamil, 27090
Gaziantep, 27, Sehitkamil, 27110
Gaziantep, 27, Sehitkamil, 27500
Gaziantep, 27, Sehitkamil, 27560
Gaziantep, 27, Sehitkamil, 27580
Gaziantep, 27, Sehitkamil, 27590
Gaziantep, 27, Sehitkamil, 27600
Gaziantep, 27, Sehitkamil, 27610
Gaziantep, 27, Sehitkamil, 27620
Gaziantep, 27, Sehitkamil, 27630
Gaziantep, 27, Sehitkamil, 27660
Gaziantep, 27, Yavuzeli, 27970
Giresun, 28, Alucra, 28700
Giresun, 28, Bulancak, 28300
Giresun, 28, Bulancak, 28310
Giresun, 28, Çamoluk, 28710
Giresun, 28, Çanakçi, 28810
Giresun, 28, Çanakçi, 28815
Giresun, 28, Dereli, 28950
Giresun, 28, Dereli, 28960
Giresun, 28, Dogankent, 28510
Giresun, 28, Espiye, 28600
Giresun, 28, Eynesil, 28850
Giresun, 28, Eynesil, 28860
Giresun, 28, Giresun, 28010
Giresun, 28, Giresun, 28020
Giresun, 28, Giresun, 28030
Giresun, 28, Giresun, 28090
Giresun, 28, Giresun, 28100
Giresun, 28, Giresun, 28200
Giresun, 28, Görele, 28800
Giresun, 28, Görele, 28820
Giresun, 28, Güce, 28520
Giresun, 28, Kesap, 28900
Giresun, 28, Kesap, 28910
Giresun, 28, Piraziz, 28340
Giresun, 28, Sebinkarahisar, 28400
Giresun, 28, Tirebolu, 28500
Giresun, 28, Yaglidere, 28610
Gümüshane, 29, Gümüshane, 29000
Gümüshane, 29, Gümüshane, 29100
Gümüshane, 29, Gümüshane, 29150
Gümüshane, 29, Gümüshane, 29200
Gümüshane, 29, Kelkit, 29600
Gümüshane, 29, Köse, 29650
Gümüshane, 29, Köse, 29660
Gümüshane, 29, Kürtün, 29810
Gümüshane, 29, Kürtün, 29830
Gümüshane, 29, Siran, 29700
Gümüshane, 29, Siran, 29750
Gümüshane, 29, Torul, 29800
Hakkari, 30, Çukurca, 30700
Hakkari, 30, Hakkari, 30000
Hakkari, 30, Hakkari, 30110
Hakkari, 30, Semdinli, 30800
Hakkari, 30, Yüksekova, 30300
Hakkari, 30, Yüksekova, 30330
Hakkari, 30, Yüksekova, 30400
Hatay, 31, Altinözü, 31750
Hatay, 31, Antakya, 31030
Hatay, 31, Antakya, 31040
Hatay, 31, Antakya, 31060
Hatay, 31, Antakya, 31070
Hatay, 31, Antakya, 31075
Hatay, 31, Antakya, 31080
Hatay, 31, Antakya, 31115
Hatay, 31, Antakya, 31120
Hatay, 31, Antakya, 31135
Hatay, 31, Antakya, 31145
Hatay, 31, Antakya, 31155
Hatay, 31, Antakya, 31160
Hatay, 31, Antakya, 31170
Hatay, 31, Antakya, 31175
Hatay, 31, Belen, 31350
Hatay, 31, Dörtyol, 31600
Hatay, 31, Dörtyol, 31900
Hatay, 31, Erzin, 31960
Hatay, 31, Hassa, 31700
Hatay, 31, Hassa, 31710
Hatay, 31, Hassa, 31720
Hatay, 31, Iskenderun, 31200
Hatay, 31, Iskenderun, 31230
Hatay, 31, Iskenderun, 31240
Hatay, 31, Iskenderun, 31285
Hatay, 31, Iskenderun, 31300
Hatay, 31, Kirikhan, 31440
Hatay, 31, Kirikhan, 31445
Hatay, 31, Kumlu, 31520
Hatay, 31, Reyhanli, 31500
Hatay, 31, Samandag, 31185
Hatay, 31, Samandag, 31770
Hatay, 31, Samandag, 31795
Hatay, 31, Samandag, 31800
Hatay, 31, Samandag, 31810
Hatay, 31, Samandag, 31815
Hatay, 31, Samandag, 31820
Hatay, 31, Samandag, 31825
Hatay, 31, Samandag, 31835
Hatay, 31, Samandag, 31855
Hatay, 31, Samandag, 31865
Hatay, 31, Samandag, 31880
Hatay, 31, Samandag, 31885
Hatay, 31, Yayladagi, 31550
Hatay, 31, Yayladagi, 31553
Hatay, 31, Yayladagi, 31560
Hatay, 31, Yayladagi, 31570
Igdir, 76, Aralik, 76500
Igdir, 76, Igdir, 76000
Igdir, 76, Igdir, 76400
Igdir, 76, Igdir, 76410
Igdir, 76, Igdir, 76420
Igdir, 76, Karakoyunlu, 76700
Igdir, 76, Karakoyunlu, 76800
Igdir, 76, Tuzluca, 76900
Isparta, 32, Aksu, 32510
Isparta, 32, Aksu, 32516
Isparta, 32, Atabey, 32670
Isparta, 32, Atabey, 32680
Isparta, 32, Egirdir, 32500
Isparta, 32, Egirdir, 32503
Isparta, 32, Egirdir, 32530
Isparta, 32, Egirdir, 32540
Isparta, 32, Egirdir, 32550
Isparta, 32, Gelendost, 32900
Isparta, 32, Gelendost, 32910
Isparta, 32, Gönen, 32090
Isparta, 32, Gönen, 32720
Isparta, 32, Isparta, 32040
Isparta, 32, Isparta, 32100
Isparta, 32, Isparta, 32110
Isparta, 32, Isparta, 32120
Isparta, 32, Isparta, 32130
Isparta, 32, Isparta, 32200
Isparta, 32, Isparta, 32300
Isparta, 32, Keçiborlu, 32700
Isparta, 32, Keçiborlu, 32710
Isparta, 32, Keçiborlu, 32740
Isparta, 32, Keçiborlu, 32750
Isparta, 32, Keçiborlu, 32765
Isparta, 32, Sarkikaraagaç, 32800
Isparta, 32, Sarkikaraagaç, 32810
Isparta, 32, Sarkikaraagaç, 32820
Isparta, 32, Sarkikaraagaç, 32840
Isparta, 32, Senirkent, 32600
Isparta, 32, Senirkent, 32610
Isparta, 32, Senirkent, 32620
Isparta, 32, Senirkent, 32640
Isparta, 32, Sütçüler, 32950
Isparta, 32, Sütçüler, 32960
Isparta, 32, Sütçüler, 32965
Isparta, 32, Sütçüler, 32966
Isparta, 32, Uluborlu, 32650
Isparta, 32, Yalvaç, 32400
Isparta, 32, Yalvaç, 32406
Isparta, 32, Yalvaç, 32407
Isparta, 32, Yalvaç, 32410
Isparta, 32, Yalvaç, 32415
Isparta, 32, Yalvaç, 32425
Isparta, 32, Yalvaç, 32430
Isparta, 32, Yalvaç, 32440
Isparta, 32, Yalvaç, 32450
Isparta, 32, Yalvaç, 32460
Isparta, 32, Yalvaç, 32470
Isparta, 32, Yalvaç, 32480
Isparta, 32, Yalvaç, 32490
Isparta, 32, Yenisarbademli, 32850
Istanbul, 34, Adalar, 34970
Istanbul, 34, Adalar, 34973
Istanbul, 34, Adalar, 34975
Istanbul, 34, Adalar, 34977
Istanbul, 34, Arnavutköy, 34275
Istanbul, 34, Arnavutköy, 34281
Istanbul, 34, Arnavutköy, 34283
Istanbul, 34, Arnavutköy, 34285
Istanbul, 34, Arnavutköy, 34287
Istanbul, 34, Arnavutköy, 34555
Istanbul, 34, Arnavutköy, 34557
Istanbul, 34, Atasehir, 34704
Istanbul, 34, Atasehir, 34707
Istanbul, 34, Atasehir, 34746
Istanbul, 34, Atasehir, 34750
Istanbul, 34, Atasehir, 34752
Istanbul, 34, Atasehir, 34755
Istanbul, 34, Atasehir, 34758
Istanbul, 34, Atasehir, 34779
Istanbul, 34, Atasehir, 34888
Istanbul, 34, Avcilar, 34315
Istanbul, 34, Avcilar, 34320
Istanbul, 34, Avcilar, 34325
Istanbul, 34, Bagcilar, 34200
Istanbul, 34, Bagcilar, 34203
Istanbul, 34, Bagcilar, 34204
Istanbul, 34, Bagcilar, 34209
Istanbul, 34, Bagcilar, 34210
Istanbul, 34, Bagcilar, 34212
Istanbul, 34, Bagcilar, 34214
Istanbul, 34, Bagcilar, 34218
Istanbul, 34, Bahçelievler, 34180
Istanbul, 34, Bahçelievler, 34182
Istanbul, 34, Bahçelievler, 34183
Istanbul, 34, Bahçelievler, 34186
Istanbul, 34, Bahçelievler, 34188
Istanbul, 34, Bahçelievler, 34191
Istanbul, 34, Bahçelievler, 34192
Istanbul, 34, Bahçelievler, 34194
Istanbul, 34, Bahçelievler, 34196
Istanbul, 34, Bahçelievler, 34197
Istanbul, 34, Bakirköy, 34140
Istanbul, 34, Bakirköy, 34142
Istanbul, 34, Bakirköy, 34145
Istanbul, 34, Bakirköy, 34146
Istanbul, 34, Bakirköy, 34147
Istanbul, 34, Bakirköy, 34149
Istanbul, 34, Bakirköy, 34153
Istanbul, 34, Bakirköy, 34158
Istanbul, 34, Basaksehir, 34480
Istanbul, 34, Basaksehir, 34488
Istanbul, 34, Basaksehir, 34490
Istanbul, 34, Basaksehir, 34494
Istanbul, 34, Bayrampasa, 34030
Istanbul, 34, Bayrampasa, 34035
Istanbul, 34, Bayrampasa, 34040
Istanbul, 34, Bayrampasa, 34045
Istanbul, 34, Besiktas, 34330
Istanbul, 34, Besiktas, 34335
Istanbul, 34, Besiktas, 34337
Istanbul, 34, Besiktas, 34340
Istanbul, 34, Besiktas, 34342
Istanbul, 34, Besiktas, 34345
Istanbul, 34, Besiktas, 34347
Istanbul, 34, Besiktas, 34349
Istanbul, 34, Besiktas, 34353
Istanbul, 34, Besiktas, 34357
Istanbul, 34, Beykoz, 34800
Istanbul, 34, Beykoz, 34805
Istanbul, 34, Beykoz, 34810
Istanbul, 34, Beykoz, 34815
Istanbul, 34, Beykoz, 34820
Istanbul, 34, Beykoz, 34825
Istanbul, 34, Beykoz, 34829
Istanbul, 34, Beykoz, 34830
Istanbul, 34, Beylikdüzü, 34520
Istanbul, 34, Beylikdüzü, 34524
Istanbul, 34, Beylikdüzü, 34528
Istanbul, 34, Beyoglu, 34421
Istanbul, 34, Beyoglu, 34425
Istanbul, 34, Beyoglu, 34427
Istanbul, 34, Beyoglu, 34430
Istanbul, 34, Beyoglu, 34433
Istanbul, 34, Beyoglu, 34435
Istanbul, 34, Beyoglu, 34437
Istanbul, 34, Beyoglu, 34440
Istanbul, 34, Beyoglu, 34445
Istanbul, 34, Büyükçekmece, 34500
Istanbul, 34, Büyükçekmece, 34530
Istanbul, 34, Büyükçekmece, 34535
Istanbul, 34, Büyükçekmece, 34537
Istanbul, 34, Büyükçekmece, 34584
Istanbul, 34, Çatalca, 34540
Istanbul, 34, Çatalca, 34550
Istanbul, 34, Çatalca, 34560
Istanbul, 34, Çatalca, 34562
Istanbul, 34, Çekmeköy, 34782
Istanbul, 34, Çekmeköy, 34788
Istanbul, 34, Çekmeköy, 34794
Istanbul, 34, Çekmeköy, 34799
Istanbul, 34, Esenler, 34220
Istanbul, 34, Esenler, 34225
Istanbul, 34, Esenler, 34230
Istanbul, 34, Esenler, 34235
Istanbul, 34, Esenyurt, 34510
Istanbul, 34, Esenyurt, 34513
Istanbul, 34, Esenyurt, 34515
Istanbul, 34, Esenyurt, 34517
Istanbul, 34, Esenyurt, 34522
Istanbul, 34, Esenyurt, 34538
Istanbul, 34, Eyüp, 34050
Istanbul, 34, Eyüp, 34055
Istanbul, 34, Eyüp, 34060
Istanbul, 34, Eyüp, 34065
Istanbul, 34, Eyüp, 34070
Istanbul, 34, Eyüp, 34075
Istanbul, 34, Eyüp, 34076
Istanbul, 34, Eyüp, 34077
Istanbul, 34, Fatih, 34080
Istanbul, 34, Fatih, 34083
Istanbul, 34, Fatih, 34087
Istanbul, 34, Fatih, 34091
Istanbul, 34, Fatih, 34093
Istanbul, 34, Fatih, 34096
Istanbul, 34, Fatih, 34098
Istanbul, 34, Fatih, 34104
Istanbul, 34, Fatih, 34107
Istanbul, 34, Fatih, 34110
Istanbul, 34, Fatih, 34112
Istanbul, 34, Fatih, 34116
Istanbul, 34, Fatih, 34120
Istanbul, 34, Fatih, 34122
Istanbul, 34, Fatih, 34126
Istanbul, 34, Fatih, 34130
Istanbul, 34, Fatih, 34134
Istanbul, 34, Gaziosmanpasa, 34240
Istanbul, 34, Gaziosmanpasa, 34245
Istanbul, 34, Gaziosmanpasa, 34250
Istanbul, 34, Gaziosmanpasa, 34255
Istanbul, 34, Güngören, 34160
Istanbul, 34, Güngören, 34164
Istanbul, 34, Güngören, 34165
Istanbul, 34, Güngören, 34173
Istanbul, 34, Kadiköy, 34710
Istanbul, 34, Kadiköy, 34714
Istanbul, 34, Kadiköy, 34716
Istanbul, 34, Kadiköy, 34718
Istanbul, 34, Kadiköy, 34720
Istanbul, 34, Kadiköy, 34722
Istanbul, 34, Kadiköy, 34724
Istanbul, 34, Kadiköy, 34726
Istanbul, 34, Kadiköy, 34728
Istanbul, 34, Kadiköy, 34730
Istanbul, 34, Kadiköy, 34732
Istanbul, 34, Kadiköy, 34734
Istanbul, 34, Kadiköy, 34736
Istanbul, 34, Kadiköy, 34738
Istanbul, 34, Kadiköy, 34740
Istanbul, 34, Kadiköy, 34742
Istanbul, 34, Kadiköy, 34744
Istanbul, 34, Kagithane, 34400
Istanbul, 34, Kagithane, 34403
Istanbul, 34, Kagithane, 34406
Istanbul, 34, Kagithane, 34408
Istanbul, 34, Kagithane, 34410
Istanbul, 34, Kagithane, 34413
Istanbul, 34, Kagithane, 34415
Istanbul, 34, Kagithane, 34418
Istanbul, 34, Kartal, 34860
Istanbul, 34, Kartal, 34862
Istanbul, 34, Kartal, 34865
Istanbul, 34, Kartal, 34870
Istanbul, 34, Kartal, 34873
Istanbul, 34, Kartal, 34876
Istanbul, 34, Kartal, 34880
Istanbul, 34, Kartal, 34882
Istanbul, 34, Küçükçekmece, 34290
Istanbul, 34, Küçükçekmece, 34295
Istanbul, 34, Küçükçekmece, 34303
Istanbul, 34, Küçükçekmece, 34307
Istanbul, 34, Maltepe, 34840
Istanbul, 34, Maltepe, 34841
Istanbul, 34, Maltepe, 34843
Istanbul, 34, Maltepe, 34844
Istanbul, 34, Maltepe, 34846
Istanbul, 34, Maltepe, 34848
Istanbul, 34, Maltepe, 34852
Istanbul, 34, Maltepe, 34854
Istanbul, 34, Maltepe, 34858
Istanbul, 34, Pendik, 34890
Istanbul, 34, Pendik, 34893
Istanbul, 34, Pendik, 34896
Istanbul, 34, Pendik, 34899
Istanbul, 34, Pendik, 34903
Istanbul, 34, Pendik, 34906
Istanbul, 34, Pendik, 34909
Istanbul, 34, Pendik, 34912
Istanbul, 34, Pendik, 34916
Istanbul, 34, Sancaktepe, 34785
Istanbul, 34, Sancaktepe, 34791
Istanbul, 34, Sancaktepe, 34885
Istanbul, 34, Sancaktepe, 34887
Istanbul, 34, Sariyer, 34450
Istanbul, 34, Sariyer, 34453
Istanbul, 34, Sariyer, 34457
Istanbul, 34, Sariyer, 34460
Istanbul, 34, Sariyer, 34464
Istanbul, 34, Sariyer, 34467
Istanbul, 34, Sariyer, 34470
Istanbul, 34, Sariyer, 34473
Istanbul, 34, Sile, 34980
Istanbul, 34, Sile, 34990
Istanbul, 34, Silivri, 34570
Istanbul, 34, Silivri, 34580
Istanbul, 34, Silivri, 34582
Istanbul, 34, Silivri, 34590
Istanbul, 34, Sisli, 34360
Istanbul, 34, Sisli, 34363
Istanbul, 34, Sisli, 34365
Istanbul, 34, Sisli, 34367
Istanbul, 34, Sisli, 34371
Istanbul, 34, Sisli, 34373
Istanbul, 34, Sisli, 34375
Istanbul, 34, Sisli, 34377
Istanbul, 34, Sisli, 34379
Istanbul, 34, Sisli, 34380
Istanbul, 34, Sisli, 34381
Istanbul, 34, Sisli, 34382
Istanbul, 34, Sisli, 34384
Istanbul, 34, Sisli, 34387
Istanbul, 34, Sisli, 34394
Istanbul, 34, Sisli, 34396
Istanbul, 34, Sisli, 34398
Istanbul, 34, Sultanbeyli, 34920
Istanbul, 34, Sultanbeyli, 34925
Istanbul, 34, Sultanbeyli, 34930
Istanbul, 34, Sultanbeyli, 34935
Istanbul, 34, Sultangazi, 34260
Istanbul, 34, Sultangazi, 34265
Istanbul, 34, Sultangazi, 34270
Istanbul, 34, Tuzla, 34940
Istanbul, 34, Tuzla, 34944
Istanbul, 34, Tuzla, 34947
Istanbul, 34, Tuzla, 34950
Istanbul, 34, Tuzla, 34953
Istanbul, 34, Tuzla, 34956
Istanbul, 34, Tuzla, 34959
Istanbul, 34, Ümraniye, 34760
Istanbul, 34, Ümraniye, 34762
Istanbul, 34, Ümraniye, 34764
Istanbul, 34, Ümraniye, 34766
Istanbul, 34, Ümraniye, 34768
Istanbul, 34, Ümraniye, 34771
Istanbul, 34, Ümraniye, 34773
Istanbul, 34, Ümraniye, 34774
Istanbul, 34, Ümraniye, 34775
Istanbul, 34, Ümraniye, 34776
Istanbul, 34, Üsküdar, 34660
Istanbul, 34, Üsküdar, 34662
Istanbul, 34, Üsküdar, 34664
Istanbul, 34, Üsküdar, 34668
Istanbul, 34, Üsküdar, 34672
Istanbul, 34, Üsküdar, 34674
Istanbul, 34, Üsküdar, 34676
Istanbul, 34, Üsküdar, 34680
Istanbul, 34, Üsküdar, 34682
Istanbul, 34, Üsküdar, 34684
Istanbul, 34, Üsküdar, 34688
Istanbul, 34, Üsküdar, 34690
Istanbul, 34, Üsküdar, 34692
Istanbul, 34, Üsküdar, 34696
Istanbul, 34, Üsküdar, 34699
Istanbul, 34, Üsküdar, 34700
Istanbul, 34, Zeytinburnu, 34010
Istanbul, 34, Zeytinburnu, 34015
Istanbul, 34, Zeytinburnu, 34020
Istanbul, 34, Zeytinburnu, 34025
Izmir, 35, Aliaga, 35800
Izmir, 35, Aliaga, 35810
Izmir, 35, Aliaga, 35820
Izmir, 35, Balçova, 35330
Izmir, 35, Bayindir, 35840
Izmir, 35, Bayindir, 35843
Izmir, 35, Bayindir, 35845
Izmir, 35, Bayindir, 35847
Izmir, 35, Bayrakli, 35510
Izmir, 35, Bayrakli, 35520
Izmir, 35, Bayrakli, 35530
Izmir, 35, Bayrakli, 35535
Izmir, 35, Bayrakli, 35540
Izmir, 35, Bergama, 35700
Izmir, 35, Bergama, 35715
Izmir, 35, Bergama, 35717
Izmir, 35, Bergama, 35720
Izmir, 35, Bergama, 35725
Izmir, 35, Bergama, 35727
Izmir, 35, Bergama, 35729
Izmir, 35, Beydag, 35790
Izmir, 35, Bornova, 35030
Izmir, 35, Bornova, 35040
Izmir, 35, Bornova, 35050
Izmir, 35, Bornova, 35060
Izmir, 35, Bornova, 35070
Izmir, 35, Bornova, 35080
Izmir, 35, Bornova, 35090
Izmir, 35, Bornova, 35100
Izmir, 35, Buca, 35370
Izmir, 35, Buca, 35380
Izmir, 35, Buca, 35390
Izmir, 35, Buca, 35395
Izmir, 35, Buca, 35400
Izmir, 35, Çesme, 35930
Izmir, 35, Çesme, 35937
Izmir, 35, Çigli, 35610
Izmir, 35, Çigli, 35620
Izmir, 35, Çigli, 35630
Izmir, 35, Çigli, 35640
Izmir, 35, Çigli, 35650
Izmir, 35, Dikili, 35980
Izmir, 35, Dikili, 35985
Izmir, 35, Foça, 35680
Izmir, 35, Foça, 35683
Izmir, 35, Foça, 35687
Izmir, 35, Gaziemir, 35410
Izmir, 35, Gaziemir, 35415
Izmir, 35, Gaziemir, 35425
Izmir, 35, Güzelbahçe, 35310
Izmir, 35, Karabaglar, 35110
Izmir, 35, Karabaglar, 35120
Izmir, 35, Karabaglar, 35130
Izmir, 35, Karabaglar, 35140
Izmir, 35, Karabaglar, 35150
Izmir, 35, Karabaglar, 35160
Izmir, 35, Karaburun, 35960
Izmir, 35, Karaburun, 35970
Izmir, 35, Karsiyaka, 35550
Izmir, 35, Karsiyaka, 35560
Izmir, 35, Karsiyaka, 35570
Izmir, 35, Karsiyaka, 35575
Izmir, 35, Karsiyaka, 35580
Izmir, 35, Karsiyaka, 35590
Izmir, 35, Karsiyaka, 35600
Izmir, 35, Kemalpasa, 35730
Izmir, 35, Kemalpasa, 35733
Izmir, 35, Kemalpasa, 35735
Izmir, 35, Kemalpasa, 35737
Izmir, 35, Kemalpasa, 35740
Izmir, 35, Kemalpasa, 35743
Izmir, 35, Kiraz, 35890
Izmir, 35, Kinik, 35990
Izmir, 35, Konak, 35170
Izmir, 35, Konak, 35180
Izmir, 35, Konak, 35190
Izmir, 35, Konak, 35210
Izmir, 35, Konak, 35220
Izmir, 35, Konak, 35230
Izmir, 35, Konak, 35240
Izmir, 35, Konak, 35250
Izmir, 35, Konak, 35260
Izmir, 35, Konak, 35270
Izmir, 35, Konak, 35280
Izmir, 35, Konak, 35290
Izmir, 35, Menderes, 35470
Izmir, 35, Menderes, 35472
Izmir, 35, Menderes, 35473
Izmir, 35, Menderes, 35475
Izmir, 35, Menderes, 35476
Izmir, 35, Menderes, 35477
Izmir, 35, Menderes, 35495
Izmir, 35, Menemen, 35660
Izmir, 35, Menemen, 35663
Izmir, 35, Menemen, 35665
Izmir, 35, Menemen, 35667
Izmir, 35, Menemen, 35670
Izmir, 35, Menemen, 35672
Izmir, 35, Menemen, 35674
Izmir, 35, Menemen, 35676
Izmir, 35, Narlidere, 35320
Izmir, 35, Ödemis, 35750
Izmir, 35, Ödemis, 35753
Izmir, 35, Ödemis, 35755
Izmir, 35, Ödemis, 35761
Izmir, 35, Ödemis, 35762
Izmir, 35, Ödemis, 35763
Izmir, 35, Ödemis, 35765
Izmir, 35, Ödemis, 35767
Izmir, 35, Ödemis, 35773
Izmir, 35, Ödemis, 35780
Izmir, 35, Seferihisar, 35460
Izmir, 35, Seferihisar, 35465
Izmir, 35, Seferihisar, 35467
Izmir, 35, Selçuk, 35920
Izmir, 35, Selçuk, 35925
Izmir, 35, Tire, 35900
Izmir, 35, Tire, 35910
Izmir, 35, Torbali, 35860
Izmir, 35, Torbali, 35865
Izmir, 35, Torbali, 35870
Izmir, 35, Torbali, 35875
Izmir, 35, Torbali, 35880
Izmir, 35, Torbali, 35885
Izmir, 35, Urla, 35430
Kahramanmaras, 46, Afsin, 46500
Kahramanmaras, 46, Afsin, 46540
Kahramanmaras, 46, Afsin, 46550
Kahramanmaras, 46, Afsin, 46556
Kahramanmaras, 46, Afsin, 46566
Kahramanmaras, 46, Afsin, 46567
Kahramanmaras, 46, Afsin, 46570
Kahramanmaras, 46, Afsin, 46576
Kahramanmaras, 46, Afsin, 46577
Kahramanmaras, 46, Afsin, 46580
Kahramanmaras, 46, Andirin, 46400
Kahramanmaras, 46, Andirin, 46410
Kahramanmaras, 46, Andirin, 46420
Kahramanmaras, 46, Andirin, 46430
Kahramanmaras, 46, Çagliyancerit, 46720
Kahramanmaras, 46, Çagliyancerit, 46770
Kahramanmaras, 46, Çagliyancerit, 46780
Kahramanmaras, 46, Ekinözü, 46360
Kahramanmaras, 46, Elbistan, 46300
Kahramanmaras, 46, Elbistan, 46320
Kahramanmaras, 46, Elbistan, 46328
Kahramanmaras, 46, Elbistan, 46330
Kahramanmaras, 46, Elbistan, 46340
Kahramanmaras, 46, Elbistan, 46350
Kahramanmaras, 46, Elbistan, 46357
Kahramanmaras, 46, Elbistan, 46376
Kahramanmaras, 46, Elbistan, 46380
Kahramanmaras, 46, Elbistan, 46390
Kahramanmaras, 46, Göksun, 46600
Kahramanmaras, 46, Göksun, 46610
Kahramanmaras, 46, Göksun, 46620
Kahramanmaras, 46, Göksun, 46630
Kahramanmaras, 46, Göksun, 46640
Kahramanmaras, 46, Göksun, 46650
Kahramanmaras, 46, Göksun, 46660
Kahramanmaras, 46, Göksun, 46670
Kahramanmaras, 46, Kahramanmaras, 46000
Kahramanmaras, 46, Kahramanmaras, 46030
Kahramanmaras, 46, Kahramanmaras, 46040
Kahramanmaras, 46, Kahramanmaras, 46050
Kahramanmaras, 46, Kahramanmaras, 46060
Kahramanmaras, 46, Kahramanmaras, 46100
Kahramanmaras, 46, Kahramanmaras, 46110
Kahramanmaras, 46, Kahramanmaras, 46120
Kahramanmaras, 46, Kahramanmaras, 46130
Kahramanmaras, 46, Kahramanmaras, 46140
Kahramanmaras, 46, Kahramanmaras, 46145
Kahramanmaras, 46, Kahramanmaras, 46150
Kahramanmaras, 46, Kahramanmaras, 46160
Kahramanmaras, 46, Kahramanmaras, 46170
Kahramanmaras, 46, Kahramanmaras, 46180
Kahramanmaras, 46, Kahramanmaras, 46185
Kahramanmaras, 46, Kahramanmaras, 46190
Kahramanmaras, 46, Kahramanmaras, 46200
Kahramanmaras, 46, Kahramanmaras, 46216
Kahramanmaras, 46, Kahramanmaras, 46266
Kahramanmaras, 46, Nurhak, 46370
Kahramanmaras, 46, Nurhak, 46371
Kahramanmaras, 46, Nurhak, 46372
Kahramanmaras, 46, Nurhak, 46373
Kahramanmaras, 46, Pazarcik, 46700
Kahramanmaras, 46, Pazarcik, 46710
Kahramanmaras, 46, Pazarcik, 46730
Kahramanmaras, 46, Pazarcik, 46750
Kahramanmaras, 46, Pazarcik, 46760
Kahramanmaras, 46, Türkoglu, 46800
Kahramanmaras, 46, Türkoglu, 46810
Kahramanmaras, 46, Türkoglu, 46820
Kahramanmaras, 46, Türkoglu, 46830
Kahramanmaras, 46, Türkoglu, 46840
Karabük, 78, Eflani, 78300
Karabük, 78, Eskipazar, 78400
Karabük, 78, Karabük, 78000
Karabük, 78, Karabük, 78020
Karabük, 78, Karabük, 78050
Karabük, 78, Karabük, 78100
Karabük, 78, Karabük, 78200
Karabük, 78, Ovacik, 78500
Karabük, 78, Safranbolu, 78600
Karabük, 78, Safranbolu, 78610
Karabük, 78, Safranbolu, 78640
Karabük, 78, Yenice, 78700
Karabük, 78, Yenice, 78720
Karaman, 70, Ayranci, 70500
Karaman, 70, Basyayla, 70700
Karaman, 70, Ermenek, 70400
Karaman, 70, Ermenek, 70450
Karaman, 70, Ermenek, 70460
Karaman, 70, Karaman, 70000
Karaman, 70, Karaman, 70100
Karaman, 70, Karaman, 70110
Karaman, 70, Karaman, 70120
Karaman, 70, Karaman, 70130
Karaman, 70, Karaman, 70140
Karaman, 70, Karaman, 70150
Karaman, 70, Karaman, 70160
Karaman, 70, Karaman, 70170
Karaman, 70, Karaman, 70200
Karaman, 70, Kazimkarabekir, 70600
Karaman, 70, Sariveliler, 70800
Karaman, 70, Sariveliler, 70810
Kars, 36, Akyaka, 36780
Kars, 36, Arpaçay, 36730
Kars, 36, Arpaçay, 36740
Kars, 36, Digor, 36670
Kars, 36, Digor, 36680
Kars, 36, Kagizman, 36700
Kars, 36, Kars, 36000
Kars, 36, Sarikamis, 36500
Kars, 36, Selim, 36900
Kars, 36, Susuz, 36760
Kastamonu, 37, Abana, 37970
Kastamonu, 37, Agli, 37920
Kastamonu, 37, Araç, 37800
Kastamonu, 37, Araç, 37830
Kastamonu, 37, Araç, 37850
Kastamonu, 37, Azdavay, 37750
Kastamonu, 37, Bozkurt, 37680
Kastamonu, 37, Çatalzeytin, 37940
Kastamonu, 37, Cide, 37600
Kastamonu, 37, Daday, 37870
Kastamonu, 37, Devrekani, 37700
Kastamonu, 37, Doganyurt, 37550
Kastamonu, 37, Hanönü, 37450
Kastamonu, 37, Ihsangazi, 37250
Kastamonu, 37, Inebolu, 37500
Kastamonu, 37, Kastamonu, 37100
Kastamonu, 37, Kastamonu, 37150
Kastamonu, 37, Kastamonu, 37200
Kastamonu, 37, Kastamonu, 37210
Kastamonu, 37, Küre, 37900
Kastamonu, 37, Pinarbasi, 37770
Kastamonu, 37, Senpazar, 37650
Kastamonu, 37, Seydiler, 37270
Kastamonu, 37, Tasköprü, 37400
Kastamonu, 37, Tosya, 37300
Kastamonu, 37, Tosya, 37350
Kayseri, 38, Akkisla, 38830
Kayseri, 38, Akkisla, 38835
Kayseri, 38, Bünyan, 38600
Kayseri, 38, Develi, 38400
Kayseri, 38, Felahiye, 38750
Kayseri, 38, Hacilar, 38210
Kayseri, 38, Incesu, 38560
Kayseri, 38, Incesu, 38580
Kayseri, 38, Kocasinan, 38010
Kayseri, 38, Kocasinan, 38020
Kayseri, 38, Kocasinan, 38080
Kayseri, 38, Kocasinan, 38090
Kayseri, 38, Kocasinan, 38100
Kayseri, 38, Kocasinan, 38110
Kayseri, 38, Kocasinan, 38125
Kayseri, 38, Kocasinan, 38290
Kayseri, 38, Melikgazi, 38030
Kayseri, 38, Melikgazi, 38039
Kayseri, 38, Melikgazi, 38040
Kayseri, 38, Melikgazi, 38050
Kayseri, 38, Melikgazi, 38060
Kayseri, 38, Melikgazi, 38070
Kayseri, 38, Melikgazi, 38180
Kayseri, 38, Melikgazi, 38220
Kayseri, 38, Melikgazi, 38225
Kayseri, 38, Melikgazi, 38350
Kayseri, 38, Özvatan, 38770
Kayseri, 38, Pinarbasi, 38700
Kayseri, 38, Pinarbasi, 38730
Kayseri, 38, Sarioglan, 38820
Kayseri, 38, Sarioglan, 38840
Kayseri, 38, Sarioglan, 38850
Kayseri, 38, Sarioglan, 38860
Kayseri, 38, Sariz, 38660
Kayseri, 38, Talas, 38160
Kayseri, 38, Talas, 38280
Kayseri, 38, Talas, 38310
Kayseri, 38, Tomarza, 38900
Kayseri, 38, Tomarza, 38940
Kayseri, 38, Yahyali, 38500
Kayseri, 38, Yesilhisar, 38800
Kilis, 79, Elbeyli, 79500
Kilis, 79, Kilis, 79000
Kilis, 79, Musabeyli, 79600
Kilis, 79, Polateli, 79700
Kirikkale, 71, Bahsili, 71460
Kirikkale, 71, Baliseyh, 71520
Kirikkale, 71, Çelebi, 71810
Kirikkale, 71, Delice, 71670
Kirikkale, 71, Delice, 71700
Kirikkale, 71, Delice, 71720
Kirikkale, 71, Delice, 71730
Kirikkale, 71, Karakeçili, 71500
Kirikkale, 71, Keskin, 71800
Kirikkale, 71, Keskin, 71820
Kirikkale, 71, Keskin, 71850
Kirikkale, 71, Keskin, 71860
Kirikkale, 71, Kirikkale, 71000
Kirikkale, 71, Kirikkale, 71100
Kirikkale, 71, Kirikkale, 71200
Kirikkale, 71, Kirikkale, 71300
Kirikkale, 71, Kirikkale, 71400
Kirikkale, 71, Kirikkale, 71470
Kirikkale, 71, Sulakyurt, 71900
Kirikkale, 71, Yahsihan, 71450
Kirikkale, 71, Yahsihan, 71455
Kirklareli, 39, Babaeski, 39200
Kirklareli, 39, Babaeski, 39270
Kirklareli, 39, Babaeski, 39280
Kirklareli, 39, Babaeski, 39570
Kirklareli, 39, Babaeski, 39580
Kirklareli, 39, Demirköy, 39500
Kirklareli, 39, Demirköy, 39650
Kirklareli, 39, Kirklareli, 39020
Kirklareli, 39, Kirklareli, 39050
Kirklareli, 39, Kirklareli, 39070
Kirklareli, 39, Kirklareli, 39100
Kirklareli, 39, Kirklareli, 39160
Kirklareli, 39, Kofçaz, 39700
Kirklareli, 39, Lüleburgaz, 39750
Kirklareli, 39, Lüleburgaz, 39770
Kirklareli, 39, Lüleburgaz, 39780
Kirklareli, 39, Lüleburgaz, 39790
Kirklareli, 39, Pehlivanköy, 39600
Kirklareli, 39, Pehlivanköy, 39640
Kirklareli, 39, Pinarhisar, 39300
Kirklareli, 39, Pinarhisar, 39310
Kirklareli, 39, Pinarhisar, 39370
Kirklareli, 39, Vize, 39400
Kirklareli, 39, Vize, 39410
Kirklareli, 39, Vize, 39460
Kirklareli, 39, Vize, 39480
Kirsehir, 40, Akçakent, 40720
Kirsehir, 40, Akpinar, 40320
Kirsehir, 40, Boztepe, 40020
Kirsehir, 40, Boztepe, 40060
Kirsehir, 40, Çiçekdagi, 40700
Kirsehir, 40, Çiçekdagi, 40730
Kirsehir, 40, Çiçekdagi, 40740
Kirsehir, 40, Kaman, 40300
Kirsehir, 40, Kaman, 40350
Kirsehir, 40, Kaman, 40360
Kirsehir, 40, Kaman, 40370
Kirsehir, 40, Kaman, 40380
Kirsehir, 40, Kaman, 40390
Kirsehir, 40, Kaman, 40400
Kirsehir, 40, Kaman, 40410
Kirsehir, 40, Kaman, 40430
Kirsehir, 40, Kaman, 40440
Kirsehir, 40, Kirsehir, 40000
Kirsehir, 40, Kirsehir, 40030
Kirsehir, 40, Kirsehir, 40070
Kirsehir, 40, Kirsehir, 40080
Kirsehir, 40, Kirsehir, 40100
Kirsehir, 40, Kirsehir, 40110
Kirsehir, 40, Kirsehir, 40120
Kirsehir, 40, Kirsehir, 40200
Kirsehir, 40, Mucur, 40500
Kocaeli, 41, Basiskele, 41030
Kocaeli, 41, Basiskele, 41090
Kocaeli, 41, Basiskele, 41140
Kocaeli, 41, Basiskele, 41190
Kocaeli, 41, Basiskele, 41245
Kocaeli, 41, Basiskele, 41275
Kocaeli, 41, Çayirova, 41420
Kocaeli, 41, Darica, 41700
Kocaeli, 41, Derince, 41900
Kocaeli, 41, Dilovasi, 41455
Kocaeli, 41, Gebze, 41400
Kocaeli, 41, Gölcük, 41650
Kocaeli, 41, Gölcük, 41950
Kocaeli, 41, Izmit, 41000
Kocaeli, 41, Izmit, 41040
Kocaeli, 41, Izmit, 41050
Kocaeli, 41, Izmit, 41060
Kocaeli, 41, Izmit, 41100
Kocaeli, 41, Izmit, 41200
Kocaeli, 41, Izmit, 41300
Kocaeli, 41, Izmit, 41310
Kocaeli, 41, Kandira, 41600
Kocaeli, 41, Karamürsel, 41500
Kocaeli, 41, Kartepe, 41080
Kocaeli, 41, Kartepe, 41110
Kocaeli, 41, Kartepe, 41170
Kocaeli, 41, Kartepe, 41180
Kocaeli, 41, Kartepe, 41250
Kocaeli, 41, Kartepe, 41255
Kocaeli, 41, Kartepe, 41285
Kocaeli, 41, Kartepe, 41295
Kocaeli, 41, Kartepe, 41320
Kocaeli, 41, Körfez, 41780
Kocaeli, 41, Körfez, 41800
Konya, 42, Ahirli, 42180
Konya, 42, Ahirli, 42185
Konya, 42, Akören, 42460
Konya, 42, Aksehir, 42550
Konya, 42, Aksehir, 42560
Konya, 42, Aksehir, 42580
Konya, 42, Aksehir, 42581
Konya, 42, Aksehir, 42582
Konya, 42, Aksehir, 42583
Konya, 42, Aksehir, 42584
Konya, 42, Aksehir, 42585
Konya, 42, Aksehir, 42586
Konya, 42, Aksehir, 42587
Konya, 42, Altinekin, 42450
Konya, 42, Beysehir, 42700
Konya, 42, Beysehir, 42710
Konya, 42, Beysehir, 42715
Konya, 42, Beysehir, 42720
Konya, 42, Beysehir, 42730
Konya, 42, Beysehir, 42760
Konya, 42, Beysehir, 42980
Konya, 42, Bozkir, 42630
Konya, 42, Bozkir, 42635
Konya, 42, Bozkir, 42645
Konya, 42, Bozkir, 42650
Konya, 42, Bozkir, 42655
Konya, 42, Bozkir, 42670
Konya, 42, Çeltik, 42920
Konya, 42, Cihanbeyli, 42850
Konya, 42, Cihanbeyli, 42855
Konya, 42, Cihanbeyli, 42860
Konya, 42, Cihanbeyli, 42865
Konya, 42, Cihanbeyli, 42870
Konya, 42, Cihanbeyli, 42875
Konya, 42, Cihanbeyli, 42880
Konya, 42, Cihanbeyli, 42885
Konya, 42, Cihanbeyli, 42890
Konya, 42, Çumra, 42500
Konya, 42, Çumra, 42502
Konya, 42, Çumra, 42508
Konya, 42, Çumra, 42509
Konya, 42, Çumra, 42510
Konya, 42, Çumra, 42515
Konya, 42, Çumra, 42520
Konya, 42, Derbent, 42900
Konya, 42, Derebucak, 42480
Konya, 42, Derebucak, 42482
Konya, 42, Derebucak, 42484
Konya, 42, Derebucak, 42485
Konya, 42, Doganhisar, 42930
Konya, 42, Doganhisar, 42936
Konya, 42, Doganhisar, 42940
Konya, 42, Doganhisar, 42950
Konya, 42, Emirgazi, 42910
Konya, 42, Emirgazi, 42915
Konya, 42, Eregli, 42310
Konya, 42, Eregli, 42320
Konya, 42, Eregli, 42323
Konya, 42, Eregli, 42325
Konya, 42, Eregli, 42335
Konya, 42, Eregli, 42345
Konya, 42, Eregli, 42350
Konya, 42, Eregli, 42355
Konya, 42, Güneysinir, 42190
Konya, 42, Hadim, 42830
Konya, 42, Hadim, 42835
Konya, 42, Hadim, 42840
Konya, 42, Hadim, 42845
Konya, 42, Halkapinar, 42280
Konya, 42, Hüyük, 42690
Konya, 42, Hüyük, 42696
Konya, 42, Hüyük, 42698
Konya, 42, Ilgin, 42600
Konya, 42, Ilgin, 42603
Konya, 42, Ilgin, 42605
Konya, 42, Ilgin, 42610
Konya, 42, Ilgin, 42613
Konya, 42, Ilgin, 42615
Konya, 42, Ilgin, 42620
Konya, 42, Ilgin, 42625
Konya, 42, Kadinhani, 42800
Konya, 42, Kadinhani, 42810
Konya, 42, Kadinhani, 42815
Konya, 42, Kadinhani, 42825
Konya, 42, Karapinar, 42400
Konya, 42, Karapinar, 42415
Konya, 42, Karapinar, 42420
Konya, 42, Karapinar, 42425
Konya, 42, Karatay, 42020
Konya, 42, Karatay, 42030
Konya, 42, Karatay, 42250
Konya, 42, Karatay, 42290
Konya, 42, Kulu, 42770
Konya, 42, Kulu, 42773
Konya, 42, Kulu, 42774
Konya, 42, Kulu, 42775
Konya, 42, Kulu, 42777
Konya, 42, Kulu, 42780
Konya, 42, Kulu, 42790
Konya, 42, Meram, 42000
Konya, 42, Meram, 42010
Konya, 42, Meram, 42040
Konya, 42, Meram, 42090
Konya, 42, Meram, 42140
Konya, 42, Sarayönü, 42430
Konya, 42, Sarayönü, 42440
Konya, 42, Selçuklu, 42060
Konya, 42, Selçuklu, 42070
Konya, 42, Selçuklu, 42080
Konya, 42, Selçuklu, 42100
Konya, 42, Selçuklu, 42110
Konya, 42, Selçuklu, 42208
Konya, 42, Selçuklu, 42250
Konya, 42, Seydisehir, 42360
Konya, 42, Seydisehir, 42363
Konya, 42, Seydisehir, 42370
Konya, 42, Seydisehir, 42380
Konya, 42, Seydisehir, 42390
Konya, 42, Taskent, 42960
Konya, 42, Taskent, 42965
Konya, 42, Taskent, 42968
Konya, 42, Tuzlukçu, 42970
Konya, 42, Yalihüyük, 42470
Konya, 42, Yunak, 42530
Konya, 42, Yunak, 42533
Konya, 42, Yunak, 42534
Konya, 42, Yunak, 42535
Konya, 42, Yunak, 42536
Konya, 42, Yunak, 42537
Konya, 42, Yunak, 42538
Kütahya, 43, Altintas, 43800
Kütahya, 43, Altintas, 43810
Kütahya, 43, Altintas, 43836
Kütahya, 43, Aslanapa, 43210
Kütahya, 43, Çavdarhisar, 43710
Kütahya, 43, Çavdarhisar, 43730
Kütahya, 43, Domaniç, 43850
Kütahya, 43, Domaniç, 43860
Kütahya, 43, Domaniç, 43890
Kütahya, 43, Dumlupinar, 43820
Kütahya, 43, Emet, 43700
Kütahya, 43, Emet, 43750
Kütahya, 43, Emet, 43760
Kütahya, 43, Emet, 43764
Kütahya, 43, Emet, 43766
Kütahya, 43, Emet, 43773
Kütahya, 43, Gediz, 43600
Kütahya, 43, Gediz, 43620
Kütahya, 43, Gediz, 43630
Kütahya, 43, Gediz, 43640
Kütahya, 43, Gediz, 43650
Kütahya, 43, Gediz, 43655
Kütahya, 43, Gediz, 43660
Kütahya, 43, Gediz, 43665
Kütahya, 43, Gediz, 43670
Kütahya, 43, Gediz, 43680
Kütahya, 43, Gediz, 43683
Kütahya, 43, Gediz, 43684
Kütahya, 43, Gediz, 43686
Kütahya, 43, Gediz, 43693
Kütahya, 43, Gediz, 43694
Kütahya, 43, Hisarcik, 43780
Kütahya, 43, Hisarcik, 43785
Kütahya, 43, Hisarcik, 43790
Kütahya, 43, Hisarcik, 43793
Kütahya, 43, Hisarcik, 43796
Kütahya, 43, Kütahya, 43020
Kütahya, 43, Kütahya, 43030
Kütahya, 43, Kütahya, 43040
Kütahya, 43, Kütahya, 43050
Kütahya, 43, Kütahya, 43100
Kütahya, 43, Kütahya, 43260
Kütahya, 43, Kütahya, 43270
Kütahya, 43, Kütahya, 43290
Kütahya, 43, Pazarlar, 43530
Kütahya, 43, Saphane, 43950
Kütahya, 43, Saphane, 43970
Kütahya, 43, Simav, 43500
Kütahya, 43, Simav, 43510
Kütahya, 43, Simav, 43520
Kütahya, 43, Simav, 43584
Kütahya, 43, Simav, 43586
Kütahya, 43, Simav, 43587
Kütahya, 43, Simav, 43590
Kütahya, 43, Simav, 43593
Kütahya, 43, Simav, 43594
Kütahya, 43, Tavsanli, 43300
Kütahya, 43, Tavsanli, 43410
Kütahya, 43, Tavsanli, 43463
Kütahya, 43, Tavsanli, 43470
Kütahya, 43, Tavsanli, 43900
Malatya, 44, Akçadag, 44600
Malatya, 44, Arapkir, 44800
Malatya, 44, Arguvan, 44960
Malatya, 44, Battalgazi, 44210
Malatya, 44, Darende, 44700
Malatya, 44, Darende, 44705
Malatya, 44, Darende, 44710
Malatya, 44, Darende, 44720
Malatya, 44, Darende, 44730
Malatya, 44, Darende, 44740
Malatya, 44, Darende, 44750
Malatya, 44, Dogansehir, 44500
Malatya, 44, Dogansehir, 44510
Malatya, 44, Dogansehir, 44520
Malatya, 44, Dogansehir, 44530
Malatya, 44, Dogansehir, 44540
Malatya, 44, Doganyol, 44880
Malatya, 44, Hekimhan, 44400
Malatya, 44, Hekimhan, 44410
Malatya, 44, Hekimhan, 44420
Malatya, 44, Hekimhan, 44430
Malatya, 44, Kale, 44370
Malatya, 44, Kuluncak, 44760
Malatya, 44, Malatya, 44000
Malatya, 44, Malatya, 44040
Malatya, 44, Malatya, 44050
Malatya, 44, Malatya, 44060
Malatya, 44, Malatya, 44070
Malatya, 44, Malatya, 44080
Malatya, 44, Malatya, 44090
Malatya, 44, Malatya, 44100
Malatya, 44, Malatya, 44110
Malatya, 44, Malatya, 44170
Malatya, 44, Malatya, 44180
Malatya, 44, Malatya, 44200
Malatya, 44, Malatya, 44230
Malatya, 44, Malatya, 44280
Malatya, 44, Malatya, 44300
Malatya, 44, Malatya, 44310
Malatya, 44, Malatya, 44320
Malatya, 44, Pütürge, 44850
Malatya, 44, Yazihan, 44350
Malatya, 44, Yesilyurt, 44900
Malatya, 44, Yesilyurt, 44910
Malatya, 44, Yesilyurt, 44920
Manisa, 45, Ahmetli, 45450
Manisa, 45, Akhisar, 45200
Manisa, 45, Akhisar, 45215
Manisa, 45, Akhisar, 45230
Manisa, 45, Akhisar, 45240
Manisa, 45, Akhisar, 45250
Manisa, 45, Akhisar, 45260
Manisa, 45, Akhisar, 45280
Manisa, 45, Akhisar, 45560
Manisa, 45, Alasehir, 45600
Manisa, 45, Alasehir, 45610
Manisa, 45, Alasehir, 45615
Manisa, 45, Alasehir, 45620
Manisa, 45, Alasehir, 45630
Manisa, 45, Alasehir, 45650
Manisa, 45, Alasehir, 45660
Manisa, 45, Demirci, 45900
Manisa, 45, Demirci, 45940
Manisa, 45, Gölmarmara, 45580
Manisa, 45, Gördes, 45750
Manisa, 45, Gördes, 45760
Manisa, 45, Gördes, 45770
Manisa, 45, Kirkagaç, 45700
Manisa, 45, Kirkagaç, 45707
Manisa, 45, Kirkagaç, 45720
Manisa, 45, Kirkagaç, 45730
Manisa, 45, Kirkagaç, 45740
Manisa, 45, Köprübasi, 45930
Manisa, 45, Kula, 45170
Manisa, 45, Kula, 45180
Manisa, 45, Manisa, 45000
Manisa, 45, Manisa, 45010
Manisa, 45, Manisa, 45020
Manisa, 45, Manisa, 45030
Manisa, 45, Manisa, 45040
Manisa, 45, Manisa, 45060
Manisa, 45, Manisa, 45070
Manisa, 45, Manisa, 45072
Manisa, 45, Manisa, 45080
Manisa, 45, Manisa, 45090
Manisa, 45, Manisa, 45140
Manisa, 45, Manisa, 45150
Manisa, 45, Salihli, 45300
Manisa, 45, Salihli, 45310
Manisa, 45, Salihli, 45320
Manisa, 45, Salihli, 45325
Manisa, 45, Salihli, 45330
Manisa, 45, Salihli, 45340
Manisa, 45, Salihli, 45350
Manisa, 45, Salihli, 45370
Manisa, 45, Sarigöl, 45470
Manisa, 45, Saruhanli, 45800
Manisa, 45, Saruhanli, 45804
Manisa, 45, Saruhanli, 45805
Manisa, 45, Saruhanli, 45810
Manisa, 45, Saruhanli, 45815
Manisa, 45, Saruhanli, 45820
Manisa, 45, Saruhanli, 45830
Manisa, 45, Saruhanli, 45835
Manisa, 45, Saruhanli, 45840
Manisa, 45, Saruhanli, 45850
Manisa, 45, Saruhanli, 45860
Manisa, 45, Saruhanli, 45870
Manisa, 45, Saruhanli, 45880
Manisa, 45, Saruhanli, 45890
Manisa, 45, Selendi, 45970
Manisa, 45, Soma, 45500
Manisa, 45, Soma, 45510
Manisa, 45, Soma, 45530
Manisa, 45, Soma, 45540
Manisa, 45, Turgutlu, 45400
Manisa, 45, Turgutlu, 45420
Mardin, 47, Dargeçit, 47750
Mardin, 47, Derik, 47800
Mardin, 47, Kiziltepe, 47400
Mardin, 47, Kiziltepe, 47420
Mardin, 47, Kiziltepe, 47440
Mardin, 47, Kiziltepe, 47460
Mardin, 47, Kiziltepe, 47465
Mardin, 47, Mardin, 47060
Mardin, 47, Mardin, 47080
Mardin, 47, Mardin, 47100
Mardin, 47, Mardin, 47200
Mardin, 47, Mazidagi, 47700
Mardin, 47, Midyat, 47500
Mardin, 47, Midyat, 47510
Mardin, 47, Midyat, 47520
Mardin, 47, Midyat, 47530
Mardin, 47, Midyat, 47535
Mardin, 47, Midyat, 47545
Mardin, 47, Midyat, 47547
Mardin, 47, Nusaybin, 47300
Mardin, 47, Nusaybin, 47320
Mardin, 47, Ömerli, 47570
Mardin, 47, Savur, 47860
Mardin, 47, Savur, 47880
Mardin, 47, Yesilli, 47650
Mersin, 33, Akdeniz, 33000
Mersin, 33, Akdeniz, 33010
Mersin, 33, Akdeniz, 33020
Mersin, 33, Akdeniz, 33040
Mersin, 33, Akdeniz, 33050
Mersin, 33, Akdeniz, 33070
Mersin, 33, Akdeniz, 33100
Mersin, 33, Akdeniz, 33115
Mersin, 33, Anamur, 33630
Mersin, 33, Anamur, 33640
Mersin, 33, Anamur, 33645
Mersin, 33, Anamur, 33650
Mersin, 33, Anamur, 33660
Mersin, 33, Aydincik, 33840
Mersin, 33, Bozyazi, 33830
Mersin, 33, Bozyazi, 33835
Mersin, 33, Bozyazi, 33836
Mersin, 33, Çamliyayla, 33580
Mersin, 33, Çamliyayla, 33590
Mersin, 33, Erdemli, 33350
Mersin, 33, Erdemli, 33730
Mersin, 33, Erdemli, 33750
Mersin, 33, Erdemli, 33760
Mersin, 33, Erdemli, 33770
Mersin, 33, Erdemli, 33780
Mersin, 33, Erdemli, 33790
Mersin, 33, Erdemli, 33870
Mersin, 33, Erdemli, 33875
Mersin, 33, Erdemli, 33948
Mersin, 33, Gülnar, 33700
Mersin, 33, Gülnar, 33705
Mersin, 33, Gülnar, 33710
Mersin, 33, Gülnar, 33715
Mersin, 33, Gülnar, 33720
Mersin, 33, Mezitli, 33200
Mersin, 33, Mezitli, 33330
Mersin, 33, Mezitli, 33335
Mersin, 33, Mezitli, 33340
Mersin, 33, Mut, 33600
Mersin, 33, Silifke, 33900
Mersin, 33, Silifke, 33920
Mersin, 33, Silifke, 33940
Mersin, 33, Silifke, 33950
Mersin, 33, Silifke, 33960
Mersin, 33, Silifke, 33980
Mersin, 33, Silifke, 33990
Mersin, 33, Tarsus, 33400
Mersin, 33, Tarsus, 33410
Mersin, 33, Tarsus, 33420
Mersin, 33, Tarsus, 33430
Mersin, 33, Tarsus, 33440
Mersin, 33, Tarsus, 33450
Mersin, 33, Tarsus, 33460
Mersin, 33, Tarsus, 33470
Mersin, 33, Tarsus, 33480
Mersin, 33, Tarsus, 33500
Mersin, 33, Tarsus, 33530
Mersin, 33, Toroslar, 33080
Mersin, 33, Toroslar, 33090
Mersin, 33, Toroslar, 33220
Mersin, 33, Toroslar, 33230
Mersin, 33, Toroslar, 33240
Mersin, 33, Toroslar, 33250
Mersin, 33, Toroslar, 33285
Mersin, 33, Toroslar, 33315
Mersin, 33, Toroslar, 33325
Mersin, 33, Yenisehir, 33110
Mersin, 33, Yenisehir, 33120
Mersin, 33, Yenisehir, 33130
Mersin, 33, Yenisehir, 33140
Mersin, 33, Yenisehir, 33150
Mersin, 33, Yenisehir, 33160
Mugla, 48, Bodrum, 48400
Mugla, 48, Bodrum, 48410
Mugla, 48, Bodrum, 48420
Mugla, 48, Bodrum, 48440
Mugla, 48, Bodrum, 48450
Mugla, 48, Bodrum, 48470
Mugla, 48, Bodrum, 48480
Mugla, 48, Bodrum, 48483
Mugla, 48, Bodrum, 48960
Mugla, 48, Bodrum, 48965
Mugla, 48, Bodrum, 48970
Mugla, 48, Bodrum, 48990
Mugla, 48, Dalaman, 48770
Mugla, 48, Datça, 48900
Mugla, 48, Fethiye, 48300
Mugla, 48, Fethiye, 48303
Mugla, 48, Fethiye, 48310
Mugla, 48, Fethiye, 48330
Mugla, 48, Fethiye, 48340
Mugla, 48, Fethiye, 48350
Mugla, 48, Fethiye, 48360
Mugla, 48, Fethiye, 48363
Mugla, 48, Fethiye, 48370
Mugla, 48, Fethiye, 48375
Mugla, 48, Fethiye, 48850
Mugla, 48, Fethiye, 48860
Mugla, 48, Fethiye, 48870
Mugla, 48, Kavaklidere, 48533
Mugla, 48, Kavaklidere, 48570
Mugla, 48, Kavaklidere, 48580
Mugla, 48, Kavaklidere, 48585
Mugla, 48, Köycegiz, 48800
Mugla, 48, Köycegiz, 48803
Mugla, 48, Köycegiz, 48804
Mugla, 48, Marmaris, 48700
Mugla, 48, Marmaris, 48704
Mugla, 48, Marmaris, 48706
Mugla, 48, Marmaris, 48710
Mugla, 48, Marmaris, 48720
Mugla, 48, Marmaris, 48740
Mugla, 48, Milas, 48200
Mugla, 48, Milas, 48210
Mugla, 48, Milas, 48220
Mugla, 48, Milas, 48230
Mugla, 48, Milas, 48277
Mugla, 48, Milas, 48670
Mugla, 48, Mugla, 48000
Mugla, 48, Mugla, 48040
Mugla, 48, Mugla, 48070
Mugla, 48, Mugla, 48100
Mugla, 48, Mugla, 48183
Mugla, 48, Ortaca, 48600
Mugla, 48, Ortaca, 48840
Mugla, 48, Ula, 48640
Mugla, 48, Ula, 48650
Mugla, 48, Ula, 48660
Mugla, 48, Yatagan, 48500
Mugla, 48, Yatagan, 48510
Mugla, 48, Yatagan, 48514
Mugla, 48, Yatagan, 48516
Mugla, 48, Yatagan, 48540
Mugla, 48, Yatagan, 48550
Mus, 49, Bulanik, 49500
Mus, 49, Bulanik, 49510
Mus, 49, Bulanik, 49530
Mus, 49, Bulanik, 49540
Mus, 49, Bulanik, 49550
Mus, 49, Hasköy, 49700
Mus, 49, Korkut, 49730
Mus, 49, Korkut, 49740
Mus, 49, Malazgirt, 49400
Mus, 49, Malazgirt, 49420
Mus, 49, Mus, 49090
Mus, 49, Mus, 49100
Mus, 49, Mus, 49120
Mus, 49, Mus, 49150
Mus, 49, Mus, 49160
Mus, 49, Mus, 49200
Mus, 49, Mus, 49240
Mus, 49, Mus, 49250
Mus, 49, Mus, 49300
Mus, 49, Varto, 49600
Mus, 49, Varto, 49610
Mus, 49, Varto, 49620
Nevsehir, 50, Acigöl, 50140
Nevsehir, 50, Acigöl, 50190
Nevsehir, 50, Acigöl, 50230
Nevsehir, 50, Acigöl, 50260
Nevsehir, 50, Avanos, 50500
Nevsehir, 50, Avanos, 50510
Nevsehir, 50, Avanos, 50520
Nevsehir, 50, Avanos, 50530
Nevsehir, 50, Avanos, 50840
Nevsehir, 50, Avanos, 50850
Nevsehir, 50, Avanos, 50860
Nevsehir, 50, Avanos, 50870
Nevsehir, 50, Avanos, 50880
Nevsehir, 50, Derinkuyu, 50700
Nevsehir, 50, Derinkuyu, 50706
Nevsehir, 50, Derinkuyu, 50720
Nevsehir, 50, Derinkuyu, 50760
Nevsehir, 50, Gülsehir, 50900
Nevsehir, 50, Gülsehir, 50920
Nevsehir, 50, Gülsehir, 50930
Nevsehir, 50, Gülsehir, 50940
Nevsehir, 50, Gülsehir, 50960
Nevsehir, 50, Gülsehir, 50990
Nevsehir, 50, Hacibektas, 50800
Nevsehir, 50, Hacibektas, 50810
Nevsehir, 50, Hacibektas, 50830
Nevsehir, 50, Kozakli, 50600
Nevsehir, 50, Kozakli, 50610
Nevsehir, 50, Kozakli, 50620
Nevsehir, 50, Kozakli, 50630
Nevsehir, 50, Kozakli, 50645
Nevsehir, 50, Nevsehir, 50000
Nevsehir, 50, Nevsehir, 50040
Nevsehir, 50, Nevsehir, 50100
Nevsehir, 50, Nevsehir, 50130
Nevsehir, 50, Nevsehir, 50160
Nevsehir, 50, Nevsehir, 50170
Nevsehir, 50, Nevsehir, 50180
Nevsehir, 50, Nevsehir, 50200
Nevsehir, 50, Nevsehir, 50210
Nevsehir, 50, Nevsehir, 50220
Nevsehir, 50, Nevsehir, 50240
Nevsehir, 50, Nevsehir, 50300
Nevsehir, 50, Ürgüp, 50350
Nevsehir, 50, Ürgüp, 50370
Nevsehir, 50, Ürgüp, 50400
Nevsehir, 50, Ürgüp, 50420
Nevsehir, 50, Ürgüp, 50650
Nigde, 51, Altunhisar, 51600
Nigde, 51, Altunhisar, 51602
Nigde, 51, Altunhisar, 51603
Nigde, 51, Altunhisar, 51604
Nigde, 51, Altunhisar, 51610
Nigde, 51, Altunhisar, 51620
Nigde, 51, Altunhisar, 51630
Nigde, 51, Bor, 51700
Nigde, 51, Bor, 51710
Nigde, 51, Bor, 51720
Nigde, 51, Bor, 51730
Nigde, 51, Bor, 51740
Nigde, 51, Çamardi, 51660
Nigde, 51, Çamardi, 51670
Nigde, 51, Çiftlik, 51800
Nigde, 51, Çiftlik, 51810
Nigde, 51, Çiftlik, 51815
Nigde, 51, Çiftlik, 51816
Nigde, 51, Çiftlik, 51820
Nigde, 51, Nigde, 51000
Nigde, 51, Nigde, 51010
Nigde, 51, Nigde, 51030
Nigde, 51, Nigde, 51040
Nigde, 51, Nigde, 51050
Nigde, 51, Nigde, 51070
Nigde, 51, Nigde, 51080
Nigde, 51, Nigde, 51085
Nigde, 51, Nigde, 51100
Nigde, 51, Nigde, 51110
Nigde, 51, Nigde, 51120
Nigde, 51, Nigde, 51200
Nigde, 51, Nigde, 51280
Nigde, 51, Nigde, 51290
Nigde, 51, Nigde, 51310
Nigde, 51, Nigde, 51320
Nigde, 51, Ulukisla, 51900
Nigde, 51, Ulukisla, 51910
Nigde, 51, Ulukisla, 51920
Ordu, 52, Akkus, 52950
Ordu, 52, Akkus, 52960
Ordu, 52, Aybasti, 52500
Ordu, 52, Çamas, 52430
Ordu, 52, Çatalpinar, 52420
Ordu, 52, Çaybasi, 52310
Ordu, 52, Çaybasi, 52340
Ordu, 52, Fatsa, 52400
Ordu, 52, Fatsa, 52410
Ordu, 52, Fatsa, 52440
Ordu, 52, Fatsa, 52460
Ordu, 52, Fatsa, 52496
Ordu, 52, Gölköy, 52600
Ordu, 52, Gülyali, 52010
Ordu, 52, Gürgentepe, 52610
Ordu, 52, Ikizce, 52320
Ordu, 52, Kabadüz, 52020
Ordu, 52, Kabatas, 52510
Ordu, 52, Kabatas, 52520
Ordu, 52, Korgan, 52700
Ordu, 52, Korgan, 52710
Ordu, 52, Kumru, 52800
Ordu, 52, Mesudiye, 52900
Ordu, 52, Mesudiye, 52910
Ordu, 52, Mesudiye, 52930
Ordu, 52, Ordu, 52000
Ordu, 52, Ordu, 52100
Ordu, 52, Persembe, 52750
Ordu, 52, Persembe, 52760
Ordu, 52, Persembe, 52770
Ordu, 52, Ulubey, 52850
Ordu, 52, Ünye, 52300
Ordu, 52, Ünye, 52330
Ordu, 52, Ünye, 52350
Osmaniye, 80, Bahçe, 80500
Osmaniye, 80, Düziçi, 80600
Osmaniye, 80, Düziçi, 80710
Osmaniye, 80, Düziçi, 80720
Osmaniye, 80, Düziçi, 80730
Osmaniye, 80, Düziçi, 80740
Osmaniye, 80, Hasanbeyli, 80850
Osmaniye, 80, Kadirli, 80750
Osmaniye, 80, Kadirli, 80760
Osmaniye, 80, Osmaniye, 80000
Osmaniye, 80, Osmaniye, 80010
Osmaniye, 80, Osmaniye, 80020
Osmaniye, 80, Osmaniye, 80030
Osmaniye, 80, Osmaniye, 80440
Osmaniye, 80, Osmaniye, 80480
Osmaniye, 80, Sumbas, 80900
Osmaniye, 80, Sumbas, 80930
Osmaniye, 80, Sumbas, 80940
Osmaniye, 80, Toprakkale, 80950
Osmaniye, 80, Toprakkale, 80990
Rize, 53, Ardesen, 53400
Rize, 53, Ardesen, 53480
Rize, 53, Ardesen, 53490
Rize, 53, Çamlihemsin, 53750
Rize, 53, Çamlihemsin, 53780
Rize, 53, Çayeli, 53200
Rize, 53, Çayeli, 53210
Rize, 53, Çayeli, 53220
Rize, 53, Çayeli, 53260
Rize, 53, Çayeli, 53270
Rize, 53, Derepazari, 53900
Rize, 53, Derepazari, 53940
Rize, 53, Findikli, 53700
Rize, 53, Findikli, 53740
Rize, 53, Güneysu, 53350
Rize, 53, Güneysu, 53390
Rize, 53, Hemsin, 53550
Rize, 53, Hemsin, 53560
Rize, 53, Ikizdere, 53650
Rize, 53, Ikizdere, 53670
Rize, 53, Ikizdere, 53690
Rize, 53, Iyidere, 53600
Rize, 53, Iyidere, 53610
Rize, 53, Iyidere, 53620
Rize, 53, Kalkandere, 53500
Rize, 53, Kalkandere, 53520
Rize, 53, Kalkandere, 53540
Rize, 53, Pazar, 53300
Rize, 53, Pazar, 53340
Rize, 53, Rize, 53020
Rize, 53, Rize, 53800
Rize, 53, Rize, 53870
Rize, 53, Rize, 53950
Sakarya, 54, Adapazari, 54100
Sakarya, 54, Adapazari, 54290
Sakarya, 54, Akyazi, 54400
Sakarya, 54, Akyazi, 54405
Sakarya, 54, Akyazi, 54420
Sakarya, 54, Arifiye, 05458
Sakarya, 54, Arifiye, 54060
Sakarya, 54, Arifiye, 54580
Sakarya, 54, Erenler, 54200
Sakarya, 54, Ferizli, 54110
Sakarya, 54, Ferizli, 54150
Sakarya, 54, Ferizli, 54210
Sakarya, 54, Geyve, 54700
Sakarya, 54, Geyve, 54950
Sakarya, 54, Hendek, 54300
Sakarya, 54, Karapürçek, 54430
Sakarya, 54, Karasu, 54500
Sakarya, 54, Karasu, 54540
Sakarya, 54, Kaynarca, 54650
Sakarya, 54, Kaynarca, 54680
Sakarya, 54, Kocaali, 54800
Sakarya, 54, Pamukova, 54900
Sakarya, 54, Sapanca, 54600
Sakarya, 54, Serdivan, 54055
Sakarya, 54, Serdivan, 54130
Sakarya, 54, Sögütlü, 54160
Sakarya, 54, Tarakli, 54750
Samsun, 55, Alaçam, 55800
Samsun, 55, Asarcik, 55860
Samsun, 55, Atakum, 55200
Samsun, 55, Atakum, 55215
Samsun, 55, Atakum, 55270
Samsun, 55, Ayvacik, 55550
Samsun, 55, Bafra, 55400
Samsun, 55, Bafra, 55430
Samsun, 55, Bafra, 55440
Samsun, 55, Canik, 55080
Samsun, 55, Canik, 55085
Samsun, 55, Çarsamba, 55500
Samsun, 55, Çarsamba, 55505
Samsun, 55, Çarsamba, 55506
Samsun, 55, Çarsamba, 55507
Samsun, 55, Çarsamba, 55510
Samsun, 55, Çarsamba, 55515
Samsun, 55, Havza, 55700
Samsun, 55, Havza, 55702
Samsun, 55, Ilkadim, 55000
Samsun, 55, Ilkadim, 55020
Samsun, 55, Ilkadim, 55030
Samsun, 55, Ilkadim, 55040
Samsun, 55, Ilkadim, 55050
Samsun, 55, Ilkadim, 55060
Samsun, 55, Ilkadim, 55070
Samsun, 55, Ilkadim, 55090
Samsun, 55, Ilkadim, 55100
Samsun, 55, Kavak, 55850
Samsun, 55, Ladik, 55760
Samsun, 55, Ondokuzmayis, 55420
Samsun, 55, Ondokuzmayis, 55421
Samsun, 55, Ondokuzmayis, 55429
Samsun, 55, Salipazari, 55530
Samsun, 55, Tekkeköy, 55300
Samsun, 55, Tekkeköy, 55310
Samsun, 55, Tekkeköy, 55320
Samsun, 55, Tekkeköy, 55330
Samsun, 55, Tekkeköy, 55530
Samsun, 55, Terme, 55600
Samsun, 55, Vezirköprü, 55900
Samsun, 55, Yakakent, 55810
Sanliurfa, 63, Akçakale, 63500
Sanliurfa, 63, Birecik, 63400
Sanliurfa, 63, Birecik, 63420
Sanliurfa, 63, Bozova, 63850
Sanliurfa, 63, Ceylanpinar, 63570
Sanliurfa, 63, Halfeti, 63950
Sanliurfa, 63, Halfeti, 63986
Sanliurfa, 63, Halfeti, 63990
Sanliurfa, 63, Harran, 63510
Sanliurfa, 63, Hilvan, 63900
Sanliurfa, 63, Sanliurfa, 63000
Sanliurfa, 63, Sanliurfa, 63040
Sanliurfa, 63, Sanliurfa, 63050
Sanliurfa, 63, Sanliurfa, 63100
Sanliurfa, 63, Sanliurfa, 63200
Sanliurfa, 63, Sanliurfa, 63250
Sanliurfa, 63, Sanliurfa, 63300
Sanliurfa, 63, Sanliurfa, 63310
Sanliurfa, 63, Siverek, 63600
Sanliurfa, 63, Siverek, 63614
Sanliurfa, 63, Siverek, 63615
Sanliurfa, 63, Suruç, 63800
Sanliurfa, 63, Suruç, 63820
Sanliurfa, 63, Viransehir, 63700
Siirt, 56, Aydinlar, 56870
Siirt, 56, Baykan, 56460
Siirt, 56, Baykan, 56470
Siirt, 56, Eruh, 56800
Siirt, 56, Kurtalan, 56500
Siirt, 56, Kurtalan, 56540
Siirt, 56, Pervari, 56700
Siirt, 56, Siirt, 56100
Siirt, 56, Siirt, 56210
Siirt, 56, Siirt, 56220
Siirt, 56, Sirvan, 56760
Sinop, 57, Ayancik, 57400
Sinop, 57, Boyabat, 57200
Sinop, 57, Dikmen, 57660
Sinop, 57, Duragan, 57700
Sinop, 57, Erfelek, 57800
Sinop, 57, Gerze, 57600
Sinop, 57, Saraydüzü, 57300
Sinop, 57, Sinop, 57000
Sinop, 57, Türkeli, 57900
Sinop, 57, Türkeli, 57910
Sivas, 58, Akincilar, 58550
Sivas, 58, Altinyayla, 58470
Sivas, 58, Divrigi, 58300
Sivas, 58, Dogansar, 58780
Sivas, 58, Gemerek, 58580
Sivas, 58, Gemerek, 58840
Sivas, 58, Gemerek, 58860
Sivas, 58, Gemerek, 58880
Sivas, 58, Gölova, 58640
Sivas, 58, Gürün, 58800
Sivas, 58, Gürün, 58820
Sivas, 58, Hafik, 58760
Sivas, 58, Imranli, 58980
Sivas, 58, Kangal, 58900
Sivas, 58, Kangal, 58910
Sivas, 58, Kangal, 58920
Sivas, 58, Kangal, 58940
Sivas, 58, Koyulhisar, 58660
Sivas, 58, Sarkisla, 58400
Sivas, 58, Sarkisla, 58420
Sivas, 58, Sarkisla, 58430
Sivas, 58, Sarkisla, 58450
Sivas, 58, Sivas, 58000
Sivas, 58, Sivas, 58010
Sivas, 58, Sivas, 58020
Sivas, 58, Sivas, 58030
Sivas, 58, Sivas, 58040
Sivas, 58, Sivas, 58050
Sivas, 58, Sivas, 58060
Sivas, 58, Sivas, 58080
Sivas, 58, Sivas, 58140
Sivas, 58, Susehri, 58600
Sivas, 58, Ulas, 58380
Sivas, 58, Yildizeli, 58500
Sivas, 58, Yildizeli, 58520
Sivas, 58, Yildizeli, 58525
Sivas, 58, Yildizeli, 58530
Sivas, 58, Yildizeli, 58540
Sivas, 58, Zara, 58700
Sivas, 58, Zara, 58730
Sirnak, 73, Beytüssebap, 73800
Sirnak, 73, Cizre, 73200
Sirnak, 73, Güçlükonak, 73700
Sirnak, 73, Güçlükonak, 73710
Sirnak, 73, Idil, 73300
Sirnak, 73, Silopi, 73400
Sirnak, 73, Silopi, 73420
Sirnak, 73, Sirnak, 73000
Sirnak, 73, Uludere, 73600
Sirnak, 73, Uludere, 73620
Sirnak, 73, Uludere, 73660
Tekirdag, 59, Çerkezköy, 59500
Tekirdag, 59, Çerkezköy, 59510
Tekirdag, 59, Çerkezköy, 59530
Tekirdag, 59, Çorlu, 59850
Tekirdag, 59, Çorlu, 59860
Tekirdag, 59, Çorlu, 59870
Tekirdag, 59, Çorlu, 59880
Tekirdag, 59, Hayrabolu, 59400
Tekirdag, 59, Hayrabolu, 59410
Tekirdag, 59, Malkara, 59300
Tekirdag, 59, Malkara, 59310
Tekirdag, 59, Malkara, 59315
Tekirdag, 59, Malkara, 59320
Tekirdag, 59, Marmaraereglisi, 59740
Tekirdag, 59, Marmaraereglisi, 59750
Tekirdag, 59, Marmaraereglisi, 59760
Tekirdag, 59, Muratli, 59700
Tekirdag, 59, Saray, 59600
Tekirdag, 59, Saray, 59610
Tekirdag, 59, Sarköy, 59560
Tekirdag, 59, Sarköy, 59570
Tekirdag, 59, Sarköy, 59800
Tekirdag, 59, Tekirdag, 59000
Tekirdag, 59, Tekirdag, 59010
Tekirdag, 59, Tekirdag, 59020
Tekirdag, 59, Tekirdag, 59030
Tekirdag, 59, Tekirdag, 59050
Tekirdag, 59, Tekirdag, 59060
Tekirdag, 59, Tekirdag, 59100
Tekirdag, 59, Tekirdag, 59200
Tokat, 60, Almus, 60900
Tokat, 60, Almus, 60910
Tokat, 60, Almus, 60915
Tokat, 60, Almus, 60920
Tokat, 60, Almus, 60925
Tokat, 60, Almus, 60930
Tokat, 60, Almus, 60935
Tokat, 60, Almus, 60940
Tokat, 60, Almus, 60945
Tokat, 60, Almus, 60950
Tokat, 60, Almus, 60955
Tokat, 60, Artova, 60670
Tokat, 60, Artova, 60675
Tokat, 60, Basçiftlik, 60620
Tokat, 60, Basçiftlik, 60625
Tokat, 60, Erbaa, 60500
Tokat, 60, Erbaa, 60510
Tokat, 60, Erbaa, 60515
Tokat, 60, Erbaa, 60520
Tokat, 60, Erbaa, 60525
Tokat, 60, Erbaa, 60530
Tokat, 60, Erbaa, 60540
Tokat, 60, Niksar, 60600
Tokat, 60, Niksar, 60615
Tokat, 60, Niksar, 60630
Tokat, 60, Niksar, 60635
Tokat, 60, Niksar, 60640
Tokat, 60, Niksar, 60645
Tokat, 60, Niksar, 60650
Tokat, 60, Pazar, 60800
Tokat, 60, Pazar, 60820
Tokat, 60, Pazar, 60840
Tokat, 60, Resadiye, 60700
Tokat, 60, Resadiye, 60710
Tokat, 60, Resadiye, 60715
Tokat, 60, Resadiye, 60720
Tokat, 60, Resadiye, 60725
Tokat, 60, Resadiye, 60730
Tokat, 60, Resadiye, 60735
Tokat, 60, Resadiye, 60740
Tokat, 60, Resadiye, 60745
Tokat, 60, Resadiye, 60750
Tokat, 60, Resadiye, 60755
Tokat, 60, Resadiye, 60760
Tokat, 60, Resadiye, 60765
Tokat, 60, Resadiye, 60770
Tokat, 60, Sulusaray, 60870
Tokat, 60, Sulusaray, 60875
Tokat, 60, Tokat, 60030
Tokat, 60, Tokat, 60100
Tokat, 60, Tokat, 60200
Tokat, 60, Tokat, 60210
Tokat, 60, Tokat, 60215
Tokat, 60, Tokat, 60220
Tokat, 60, Tokat, 60225
Tokat, 60, Tokat, 60230
Tokat, 60, Tokat, 60235
Tokat, 60, Tokat, 60240
Tokat, 60, Tokat, 60245
Tokat, 60, Tokat, 60250
Tokat, 60, Tokat, 60255
Tokat, 60, Turhal, 60300
Tokat, 60, Turhal, 60310
Tokat, 60, Turhal, 60320
Tokat, 60, Turhal, 60335
Tokat, 60, Turhal, 60340
Tokat, 60, Turhal, 60345
Tokat, 60, Turhal, 60350
Tokat, 60, Yesilyurt, 60860
Tokat, 60, Zile, 60400
Tokat, 60, Zile, 60401
Tokat, 60, Zile, 60405
Tokat, 60, Zile, 60410
Tokat, 60, Zile, 60425
Trabzon, 61, Akçaabat, 61170
Trabzon, 61, Akçaabat, 61230
Trabzon, 61, Akçaabat, 61300
Trabzon, 61, Akçaabat, 61310
Trabzon, 61, Arakli, 61700
Trabzon, 61, Arakli, 61720
Trabzon, 61, Arsin, 61900
Trabzon, 61, Arsin, 61910
Trabzon, 61, Arsin, 61915
Trabzon, 61, Arsin, 61930
Trabzon, 61, Besikdüzü, 61800
Trabzon, 61, Besikdüzü, 61820
Trabzon, 61, Besikdüzü, 61827
Trabzon, 61, Çarsibasi, 61420
Trabzon, 61, Çaykara, 61940
Trabzon, 61, Çaykara, 61960
Trabzon, 61, Dernekpazari, 61950
Trabzon, 61, Düzköy, 61380
Trabzon, 61, Düzköy, 61390
Trabzon, 61, Hayrat, 61450
Trabzon, 61, Köprübasi, 61630
Trabzon, 61, Maçka, 61750
Trabzon, 61, Maçka, 61770
Trabzon, 61, Of, 61560
Trabzon, 61, Of, 61570
Trabzon, 61, Of, 61580
Trabzon, 61, Of, 61585
Trabzon, 61, Of, 61830
Trabzon, 61, Of, 61850
Trabzon, 61, Salpazari, 61670
Trabzon, 61, Sürmene, 61530
Trabzon, 61, Sürmene, 61600
Trabzon, 61, Tonya, 61500
Trabzon, 61, Tonya, 61510
Trabzon, 61, Trabzon, 61000
Trabzon, 61, Trabzon, 61010
Trabzon, 61, Trabzon, 61030
Trabzon, 61, Trabzon, 61040
Trabzon, 61, Trabzon, 61080
Trabzon, 61, Trabzon, 61100
Trabzon, 61, Trabzon, 61180
Trabzon, 61, Trabzon, 61195
Trabzon, 61, Trabzon, 61200
Trabzon, 61, Trabzon, 61220
Trabzon, 61, Vakfikebir, 61400
Trabzon, 61, Vakfikebir, 61410
Trabzon, 61, Yomra, 61250
Trabzon, 61, Yomra, 61270
Trabzon, 61, Yomra, 61280
Trabzon, 61, Yomra, 61290
Tunceli, 62, Çemisgezek, 62600
Tunceli, 62, Hozat, 62400
Tunceli, 62, Mazgirt, 62800
Tunceli, 62, Mazgirt, 62810
Tunceli, 62, Nazimiye, 62950
Tunceli, 62, Ovacik, 62900
Tunceli, 62, Pertek, 62500
Tunceli, 62, Pülümür, 62700
Tunceli, 62, Pülümür, 62710
Tunceli, 62, Tunceli, 62000
Usak, 64, Banaz, 64500
Usak, 64, Banaz, 64510
Usak, 64, Banaz, 64520
Usak, 64, Esme, 64600
Usak, 64, Esme, 64610
Usak, 64, Esme, 64620
Usak, 64, Esme, 64630
Usak, 64, Karahalli, 64700
Usak, 64, Karahalli, 64720
Usak, 64, Sivasli, 64800
Usak, 64, Sivasli, 64810
Usak, 64, Sivasli, 64820
Usak, 64, Sivasli, 64830
Usak, 64, Sivasli, 64840
Usak, 64, Sivasli, 64850
Usak, 64, Ulubey, 64900
Usak, 64, Ulubey, 64910
Usak, 64, Ulubey, 64920
Usak, 64, Ulubey, 64930
Usak, 64, Ulubey, 64940
Usak, 64, Usak, 64000
Usak, 64, Usak, 64100
Usak, 64, Usak, 64200
Usak, 64, Usak, 64300
Usak, 64, Usak, 64400
Usak, 64, Usak, 64420
Usak, 64, Usak, 64440
Usak, 64, Usak, 64460
Van, 65, Bahçesaray, 65710
Van, 65, Baskale, 65600
Van, 65, Çaldiran, 65970
Van, 65, Çatak, 65870
Van, 65, Edremit, 65170
Van, 65, Ercis, 65400
Van, 65, Ercis, 65440
Van, 65, Ercis, 65450
Van, 65, Gevas, 65700
Van, 65, Gürpinar, 65900
Van, 65, Muradiye, 65500
Van, 65, Muradiye, 65510
Van, 65, Özalp, 65570
Van, 65, Özalp, 65800
Van, 65, Özalp, 65804
Van, 65, Saray, 65830
Van, 65, Van, 65000
Van, 65, Van, 65030
Van, 65, Van, 65040
Van, 65, Van, 65100
Van, 65, Van, 65210
Van, 65, Van, 65220
Van, 65, Van, 65300
Yalova, 77, Altinova, 77700
Yalova, 77, Altinova, 77710
Yalova, 77, Altinova, 77720
Yalova, 77, Altinova, 77730
Yalova, 77, Altinova, 77740
Yalova, 77, Armutlu, 77500
Yalova, 77, Çiftlikköy, 77600
Yalova, 77, Çinarcik, 77300
Yalova, 77, Çinarcik, 77310
Yalova, 77, Çinarcik, 77320
Yalova, 77, Çinarcik, 77330
Yalova, 77, Çinarcik, 77340
Yalova, 77, Termal, 77400
Yalova, 77, Yalova, 77100
Yalova, 77, Yalova, 77200
Yalova, 77, Yalova, 77210
Yozgat, 66, Akdagmadeni, 66300
Yozgat, 66, Aydincik, 66510
Yozgat, 66, Aydincik, 66560
Yozgat, 66, Bogazliyan, 66400
Yozgat, 66, Bogazliyan, 66475
Yozgat, 66, Çandir, 66620
Yozgat, 66, Çayiralan, 66600
Yozgat, 66, Çekerek, 66500
Yozgat, 66, Kadisehri, 66540
Yozgat, 66, Saraykent, 66320
Yozgat, 66, Sarikaya, 66650
Yozgat, 66, Sefaatli, 66800
Yozgat, 66, Sefaatli, 66830
Yozgat, 66, Sorgun, 66700
Yozgat, 66, Sorgun, 66710
Yozgat, 66, Sorgun, 66720
Yozgat, 66, Sorgun, 66740
Yozgat, 66, Sorgun, 66760
Yozgat, 66, Sorgun, 66790
Yozgat, 66, Sorgun, 66791
Yozgat, 66, Sorgun, 66792
Yozgat, 66, Yenifakili, 66470
Yozgat, 66, Yerköy, 66900
Yozgat, 66, Yerköy, 66920
Yozgat, 66, Yozgat, 66100
Zonguldak, 67, Alapli, 67850
Zonguldak, 67, Çaycuma, 67660
Zonguldak, 67, Çaycuma, 67900
Zonguldak, 67, Çaycuma, 67960
Zonguldak, 67, Çaycuma, 67965
Zonguldak, 67, Çaycuma, 67970
Zonguldak, 67, Çaycuma, 67975
Zonguldak, 67, Devrek, 67800
Zonguldak, 67, Devrek, 67815
Zonguldak, 67, Devrek, 67825
Zonguldak, 67, Devrek, 67830
Zonguldak, 67, Devrek, 67840
Zonguldak, 67, Gökçebey, 67670
Zonguldak, 67, Gökçebey, 67680
Zonguldak, 67, Gökçebey, 67685
Zonguldak, 67, Karadenizeregli, 67300
Zonguldak, 67, Karadenizeregli, 67310
Zonguldak, 67, Karadenizeregli, 67320
Zonguldak, 67, Karadenizeregli, 67380
Zonguldak, 67, Karadenizeregli, 67390
Zonguldak, 67, Zonguldak, 67000
Zonguldak, 67, Zonguldak, 67010
Zonguldak, 67, Zonguldak, 67020
Zonguldak, 67, Zonguldak, 67030
Zonguldak, 67, Zonguldak, 67040
Zonguldak, 67, Zonguldak, 67100
Zonguldak, 67, Zonguldak, 67150
Zonguldak, 67, Zonguldak, 67155
Zonguldak, 67, Zonguldak, 67160
Zonguldak, 67, Zonguldak, 67170
Zonguldak, 67, Zonguldak, 67500
Zonguldak, 67, Zonguldak, 67510
Zonguldak, 67, Zonguldak, 67600
Zonguldak, 67, Zonguldak, 67620
Zonguldak, 67, Zonguldak, 67980
